time,ID,position,vehicle_class,speed,Lane,length,width
0.0,1,180.0,Car,14.4397,1,5.0,2.0
0.1,1,181.446,Car,14.4804,1,5.0,2.0
0.2,1,182.8937,Car,14.4728,1,5.0,2.0
0.3,1,184.3359,Car,14.3725,1,5.0,2.0
0.4,1,185.7735,Car,14.3783,1,5.0,2.0
0.5,1,187.2128,Car,14.4076,1,5.0,2.0
0.6,1,188.6522,Car,14.3809,1,5.0,2.0
0.7,1,190.0901,Car,14.3767,1,5.0,2.0
0.8,1,191.5259,Car,14.339,1,5.0,2.0
0.9,1,192.9618,Car,14.3789,1,5.0,2.0
1.0,1,194.3989,Car,14.3645,1,5.0,2.0
1.1,1,195.8338,Car,14.3328,1,5.0,2.0
1.2,1,197.2682,Car,14.3552,1,5.0,2.0
1.3,1,198.7023,Car,14.3272,1,5.0,2.0
1.4,1,200.1327,Car,14.2805,1,5.0,2.0
1.5,1,201.5623,Car,14.3118,1,5.0,2.0
1.6,1,202.9913,Car,14.2681,1,5.0,2.0
1.7,1,204.4208,Car,14.3209,1,5.0,2.0
1.8,1,205.8514,Car,14.2925,1,5.0,2.0
1.9,1,207.2806,Car,14.2898,1,5.0,2.0
2.0,1,208.709,Car,14.2782,1,5.0,2.0
2.1,1,210.1399,Car,14.3405,1,5.0,2.0
2.2,1,211.5722,Car,14.3066,1,5.0,2.0
2.3,1,213.003,Car,14.3078,1,5.0,2.0
2.4,1,214.4344,Car,14.3218,1,5.0,2.0
2.5,1,215.8686,Car,14.3621,1,5.0,2.0
2.6,1,217.3054,Car,14.3731,1,5.0,2.0
2.7,1,218.7437,Car,14.3928,1,5.0,2.0
2.8,1,220.184,Car,14.4137,1,5.0,2.0
2.9,1,221.6291,Car,14.4876,1,5.0,2.0
3.0,1,223.0753,Car,14.4359,1,5.0,2.0
3.1,1,224.52,Car,14.4594,1,5.0,2.0
3.2,1,225.967,Car,14.4791,1,5.0,2.0
3.3,1,227.4185,Car,14.5526,1,5.0,2.0
3.4,1,228.8762,Car,14.6005,1,5.0,2.0
3.5,1,230.3361,Car,14.5974,1,5.0,2.0
3.6,1,231.7965,Car,14.6114,1,5.0,2.0
3.7,1,233.2595,Car,14.6491,1,5.0,2.0
3.8,1,234.7286,Car,14.7319,1,5.0,2.0
3.9,1,236.2039,Car,14.7745,1,5.0,2.0
4.0,1,237.6831,Car,14.8093,1,5.0,2.0
4.1,1,239.1643,Car,14.8147,1,5.0,2.0
4.2,1,240.6492,Car,14.8841,1,5.0,2.0
4.3,1,242.1396,Car,14.9237,1,5.0,2.0
4.4,1,243.6343,Car,14.9701,1,5.0,2.0
4.5,1,245.1345,Car,15.0333,1,5.0,2.0
4.6,1,246.639,Car,15.0575,1,5.0,2.0
4.7,1,248.1476,Car,15.1146,1,5.0,2.0
4.8,1,249.6603,Car,15.1394,1,5.0,2.0
4.9,1,251.1767,Car,15.1887,1,5.0,2.0
5.0,1,252.6982,Car,15.241,1,5.0,2.0
5.1,1,254.2213,Car,15.2196,1,5.0,2.0
5.2,1,255.7469,Car,15.2939,1,5.0,2.0
5.3,1,257.278,Car,15.3284,1,5.0,2.0
5.4,1,258.8125,Car,15.3611,1,5.0,2.0
5.5,1,260.351,Car,15.4083,1,5.0,2.0
5.6,1,261.8962,Car,15.4962,1,5.0,2.0
5.7,1,263.444,Car,15.4585,1,5.0,2.0
5.8,1,264.9941,Car,15.5448,1,5.0,2.0
5.9,1,266.5461,Car,15.4946,1,5.0,2.0
6.0,1,268.0989,Car,15.5625,1,5.0,2.0
6.1,1,269.6572,Car,15.6028,1,5.0,2.0
6.2,1,271.2193,Car,15.6387,1,5.0,2.0
6.3,1,272.7844,Car,15.6635,1,5.0,2.0
6.4,1,274.3518,Car,15.6849,1,5.0,2.0
6.5,1,275.9194,Car,15.6673,1,5.0,2.0
6.6,1,277.4867,Car,15.6783,1,5.0,2.0
6.7,1,279.0571,Car,15.73,1,5.0,2.0
6.8,1,280.629,Car,15.7085,1,5.0,2.0
6.9,1,282.1987,Car,15.6838,1,5.0,2.0
7.0,1,283.7675,Car,15.6937,1,5.0,2.0
7.1,1,285.3374,Car,15.7037,1,5.0,2.0
7.2,1,286.91,Car,15.7477,1,5.0,2.0
7.3,1,288.4842,Car,15.7367,1,5.0,2.0
7.4,1,290.0586,Car,15.7509,1,5.0,2.0
7.5,1,291.6318,Car,15.7133,1,5.0,2.0
7.6,1,293.2037,Car,15.7253,1,5.0,2.0
7.7,1,294.7766,Car,15.7321,1,5.0,2.0
7.8,1,296.348,Car,15.6955,1,5.0,2.0
7.9,1,297.9182,Car,15.7087,1,5.0,2.0
8.0,1,299.4868,Car,15.6641,1,5.0,2.0
8.1,1,301.0531,Car,15.6611,1,5.0,2.0
8.2,1,302.6185,Car,15.6477,1,5.0,2.0
8.3,1,304.1814,Car,15.6098,1,5.0,2.0
8.4,1,305.7442,Car,15.6462,1,5.0,2.0
8.5,1,307.3066,Car,15.603,1,5.0,2.0
8.6,1,308.8669,Car,15.6026,1,5.0,2.0
8.7,1,310.4271,Car,15.6017,1,5.0,2.0
8.8,1,311.9865,Car,15.5858,1,5.0,2.0
8.9,1,313.5447,Car,15.5775,1,5.0,2.0
9.0,1,315.1006,Car,15.5401,1,5.0,2.0
9.1,1,316.6534,Car,15.5162,1,5.0,2.0
9.2,1,318.2048,Car,15.5129,1,5.0,2.0
9.3,1,319.7531,Car,15.4517,1,5.0,2.0
9.4,1,321.298,Car,15.4466,1,5.0,2.0
9.5,1,322.8422,Car,15.4388,1,5.0,2.0
9.6,1,324.3861,Car,15.4379,1,5.0,2.0
9.7,1,325.9315,Car,15.4702,1,5.0,2.0
9.8,1,327.4761,Car,15.4223,1,5.0,2.0
9.9,1,329.0188,Car,15.4305,1,5.0,2.0
10.0,1,330.564,Car,15.4743,1,5.0,2.0
10.1,1,332.1087,Car,15.4191,1,5.0,2.0
10.2,1,333.652,Car,15.4476,1,5.0,2.0
10.3,1,335.1941,Car,15.3942,1,5.0,2.0
10.4,1,336.7345,Car,15.4139,1,5.0,2.0
10.5,1,338.2747,Car,15.3905,1,5.0,2.0
10.6,1,339.8147,Car,15.4088,1,5.0,2.0
10.7,1,341.3574,Car,15.445,1,5.0,2.0
10.8,1,342.8981,Car,15.3698,1,5.0,2.0
10.9,1,344.4385,Car,15.4373,1,5.0,2.0
11.0,1,345.9821,Car,15.4348,1,5.0,2.0
11.1,1,347.5245,Car,15.4139,1,5.0,2.0
11.2,1,349.0649,Car,15.3929,1,5.0,2.0
11.3,1,350.6067,Car,15.4435,1,5.0,2.0
11.4,1,352.1504,Car,15.4308,1,5.0,2.0
11.5,1,353.6949,Car,15.4593,1,5.0,2.0
11.6,1,355.2408,Car,15.4586,1,5.0,2.0
11.7,1,356.7893,Car,15.5116,1,5.0,2.0
11.8,1,358.338,Car,15.4618,1,5.0,2.0
11.9,1,359.8832,Car,15.4434,1,5.0,2.0
12.0,1,361.4296,Car,15.4842,1,5.0,2.0
12.1,1,362.9783,Car,15.4895,1,5.0,2.0
12.2,1,364.5291,Car,15.527,1,5.0,2.0
12.3,1,366.0812,Car,15.5138,1,5.0,2.0
12.4,1,367.6319,Car,15.5009,1,5.0,2.0
12.5,1,369.1837,Car,15.5345,1,5.0,2.0
12.6,1,370.7331,Car,15.4541,1,5.0,2.0
12.7,1,372.2792,Car,15.4684,1,5.0,2.0
12.8,1,373.8255,Car,15.4562,1,5.0,2.0
12.9,1,375.3716,Car,15.4671,1,5.0,2.0
13.0,1,376.9165,Car,15.4307,1,5.0,2.0
13.1,1,378.4622,Car,15.4825,1,5.0,2.0
13.2,1,380.0086,Car,15.4465,1,5.0,2.0
13.3,1,381.5508,Car,15.3969,1,5.0,2.0
13.4,1,383.0904,Car,15.3965,1,5.0,2.0
13.5,1,384.6313,Car,15.4204,1,5.0,2.0
13.6,1,386.1732,Car,15.4183,1,5.0,2.0
13.7,1,387.7158,Car,15.4333,1,5.0,2.0
13.8,1,389.2594,Car,15.4391,1,5.0,2.0
13.9,1,390.7984,Car,15.3405,1,5.0,2.0
14.0,1,392.3291,Car,15.2729,1,5.0,2.0
14.1,1,393.8533,Car,15.2112,1,5.0,2.0
14.2,1,395.3766,Car,15.2541,1,5.0,2.0
14.3,1,396.8988,Car,15.1909,1,5.0,2.0
14.4,1,398.4169,Car,15.1704,1,5.0,2.0
14.5,1,399.9319,Car,15.1306,1,5.0,2.0
14.6,1,401.4439,Car,15.1094,1,5.0,2.0
14.7,1,402.9548,Car,15.1089,1,5.0,2.0
14.8,1,404.4625,Car,15.0438,1,5.0,2.0
14.9,1,405.9644,Car,14.9955,1,5.0,2.0
15.0,1,407.4607,Car,14.9294,1,5.0,2.0
15.1,1,408.9506,Car,14.8698,1,5.0,2.0
15.2,1,410.4373,Car,14.8644,1,5.0,2.0
15.3,1,411.9224,Car,14.8359,1,5.0,2.0
15.4,1,413.4066,Car,14.8488,1,5.0,2.0
15.5,1,414.8869,Car,14.7579,1,5.0,2.0
15.6,1,416.3619,Car,14.7417,1,5.0,2.0
15.7,1,417.8318,Car,14.6558,1,5.0,2.0
15.8,1,419.2943,Car,14.5942,1,5.0,2.0
15.9,1,420.752,Car,14.5605,1,5.0,2.0
16.0,1,422.2064,Car,14.5281,1,5.0,2.0
16.1,1,423.6616,Car,14.575,1,5.0,2.0
16.2,1,425.1128,Car,14.449,1,5.0,2.0
16.3,1,426.5584,Car,14.4625,1,5.0,2.0
16.4,1,428.0003,Car,14.3755,1,5.0,2.0
16.5,1,429.4389,Car,14.3972,1,5.0,2.0
16.6,1,430.8762,Car,14.3493,1,5.0,2.0
16.7,1,432.3089,Car,14.3033,1,5.0,2.0
16.8,1,433.738,Car,14.2789,1,5.0,2.0
16.9,1,435.1637,Car,14.2348,1,5.0,2.0
17.0,1,436.5876,Car,14.2442,1,5.0,2.0
17.1,1,438.0096,Car,14.1957,1,5.0,2.0
17.2,1,439.4271,Car,14.1535,1,5.0,2.0
17.3,1,440.8415,Car,14.1351,1,5.0,2.0
17.4,1,442.2565,Car,14.1643,1,5.0,2.0
17.5,1,443.6744,Car,14.1944,1,5.0,2.0
17.6,1,445.0912,Car,14.1423,1,5.0,2.0
17.7,1,446.5047,Car,14.1268,1,5.0,2.0
17.8,1,447.9177,Car,14.1342,1,5.0,2.0
17.9,1,449.3326,Car,14.1624,1,5.0,2.0
18.0,1,450.7472,Car,14.1298,1,5.0,2.0
18.1,1,452.1593,Car,14.1132,1,5.0,2.0
18.2,1,453.5731,Car,14.1632,1,5.0,2.0
18.3,1,454.9888,Car,14.1495,1,5.0,2.0
18.4,1,456.4058,Car,14.1914,1,5.0,2.0
18.5,1,457.8235,Car,14.1615,1,5.0,2.0
18.6,1,459.2381,Car,14.1318,1,5.0,2.0
18.7,1,460.6518,Car,14.1418,1,5.0,2.0
18.8,1,462.0713,Car,14.2482,1,5.0,2.0
18.9,1,463.4971,Car,14.2678,1,5.0,2.0
19.0,1,464.922,Car,14.2294,1,5.0,2.0
19.1,1,466.3456,Car,14.2431,1,5.0,2.0
19.2,1,467.7737,Car,14.3194,1,5.0,2.0
19.3,1,469.2029,Car,14.2642,1,5.0,2.0
19.4,1,470.6308,Car,14.2931,1,5.0,2.0
19.5,1,472.0636,Car,14.3624,1,5.0,2.0
19.6,1,473.4994,Car,14.3548,1,5.0,2.0
19.7,1,474.9367,Car,14.3904,1,5.0,2.0
19.8,1,476.3767,Car,14.4096,1,5.0,2.0
19.9,1,477.8196,Car,14.4486,1,5.0,2.0
20.0,1,479.2672,Car,14.5045,1,5.0,2.0
0.0,2,125.0,Car,14.1356,1,5.0,2.0
0.1,2,126.4112,Car,14.0888,1,5.0,2.0
0.2,2,127.8247,Car,14.1814,1,5.0,2.0
0.3,2,129.2432,Car,14.1885,1,5.0,2.0
0.4,2,130.663,Car,14.2065,1,5.0,2.0
0.5,2,132.0855,Car,14.2442,1,5.0,2.0
0.6,2,133.512,Car,14.2861,1,5.0,2.0
0.7,2,134.9437,Car,14.3471,1,5.0,2.0
0.8,2,136.3761,Car,14.3011,1,5.0,2.0
0.9,2,137.8092,Car,14.3609,1,5.0,2.0
1.0,2,139.2453,Car,14.3622,1,5.0,2.0
1.1,2,140.6825,Car,14.3813,1,5.0,2.0
1.2,2,142.1233,Car,14.4332,1,5.0,2.0
1.3,2,143.5664,Car,14.4288,1,5.0,2.0
1.4,2,145.0108,Car,14.4598,1,5.0,2.0
1.5,2,146.4548,Car,14.4196,1,5.0,2.0
1.6,2,147.896,Car,14.4055,1,5.0,2.0
1.7,2,149.3373,Car,14.4192,1,5.0,2.0
1.8,2,150.7797,Car,14.4304,1,5.0,2.0
1.9,2,152.2224,Car,14.4232,1,5.0,2.0
2.0,2,153.6625,Car,14.3778,1,5.0,2.0
2.1,2,155.1015,Car,14.4032,1,5.0,2.0
2.2,2,156.5414,Car,14.3954,1,5.0,2.0
2.3,2,157.9837,Car,14.45,1,5.0,2.0
2.4,2,159.4269,Car,14.4147,1,5.0,2.0
2.5,2,160.8634,Car,14.3149,1,5.0,2.0
2.6,2,162.2948,Car,14.3122,1,5.0,2.0
2.7,2,163.7232,Car,14.2557,1,5.0,2.0
2.8,2,165.1489,Car,14.2592,1,5.0,2.0
2.9,2,166.575,Car,14.2623,1,5.0,2.0
3.0,2,168.0013,Car,14.2638,1,5.0,2.0
3.1,2,169.4235,Car,14.1795,1,5.0,2.0
3.2,2,170.8402,Car,14.1547,1,5.0,2.0
3.3,2,172.252,Car,14.0821,1,5.0,2.0
3.4,2,173.6618,Car,14.1133,1,5.0,2.0
3.5,2,175.0703,Car,14.0576,1,5.0,2.0
3.6,2,176.4755,Car,14.0446,1,5.0,2.0
3.7,2,177.8779,Car,14.0052,1,5.0,2.0
3.8,2,179.2782,Car,13.9998,1,5.0,2.0
3.9,2,180.6742,Car,13.9212,1,5.0,2.0
4.0,2,182.0654,Car,13.9016,1,5.0,2.0
4.1,2,183.4595,Car,13.9816,1,5.0,2.0
4.2,2,184.8512,Car,13.8519,1,5.0,2.0
4.3,2,186.2354,Car,13.8312,1,5.0,2.0
4.4,2,187.6216,Car,13.8937,1,5.0,2.0
4.5,2,189.0114,Car,13.9012,1,5.0,2.0
4.6,2,190.3942,Car,13.7553,1,5.0,2.0
4.7,2,191.7698,Car,13.757,1,5.0,2.0
4.8,2,193.1455,Car,13.7571,1,5.0,2.0
4.9,2,194.5223,Car,13.7788,1,5.0,2.0
5.0,2,195.8952,Car,13.6787,1,5.0,2.0
5.1,2,197.2633,Car,13.6837,1,5.0,2.0
5.2,2,198.6324,Car,13.6984,1,5.0,2.0
5.3,2,200.001,Car,13.6736,1,5.0,2.0
5.4,2,201.3665,Car,13.636,1,5.0,2.0
5.5,2,202.7299,Car,13.6314,1,5.0,2.0
5.6,2,204.0906,Car,13.5836,1,5.0,2.0
5.7,2,205.4502,Car,13.6083,1,5.0,2.0
5.8,2,206.8106,Car,13.5993,1,5.0,2.0
5.9,2,208.1709,Car,13.6073,1,5.0,2.0
6.0,2,209.5302,Car,13.5778,1,5.0,2.0
6.1,2,210.8892,Car,13.6036,1,5.0,2.0
6.2,2,212.2502,Car,13.6158,1,5.0,2.0
6.3,2,213.6103,Car,13.5868,1,5.0,2.0
6.4,2,214.9692,Car,13.5901,1,5.0,2.0
6.5,2,216.3277,Car,13.5791,1,5.0,2.0
6.6,2,217.6854,Car,13.5759,1,5.0,2.0
6.7,2,219.0419,Car,13.553,1,5.0,2.0
6.8,2,220.3987,Car,13.5831,1,5.0,2.0
6.9,2,221.7563,Car,13.5697,1,5.0,2.0
7.0,2,223.1165,Car,13.6343,1,5.0,2.0
7.1,2,224.4791,Car,13.6174,1,5.0,2.0
7.2,2,225.839,Car,13.5802,1,5.0,2.0
7.3,2,227.1952,Car,13.5437,1,5.0,2.0
7.4,2,228.5489,Car,13.5305,1,5.0,2.0
7.5,2,229.9052,Car,13.5963,1,5.0,2.0
7.6,2,231.2632,Car,13.5643,1,5.0,2.0
7.7,2,232.6197,Car,13.5657,1,5.0,2.0
7.8,2,233.9727,Car,13.4929,1,5.0,2.0
7.9,2,235.3256,Car,13.5659,1,5.0,2.0
8.0,2,236.6811,Car,13.5433,1,5.0,2.0
8.1,2,238.0326,Car,13.4866,1,5.0,2.0
8.2,2,239.3816,Car,13.4948,1,5.0,2.0
8.3,2,240.7316,Car,13.5044,1,5.0,2.0
8.4,2,242.081,Car,13.4842,1,5.0,2.0
8.5,2,243.4282,Car,13.4586,1,5.0,2.0
8.6,2,244.7735,Car,13.4475,1,5.0,2.0
8.7,2,246.1171,Car,13.4248,1,5.0,2.0
8.8,2,247.4592,Car,13.4171,1,5.0,2.0
8.9,2,248.8018,Car,13.4355,1,5.0,2.0
9.0,2,250.1382,Car,13.2917,1,5.0,2.0
9.1,2,251.4696,Car,13.3376,1,5.0,2.0
9.2,2,252.8027,Car,13.3247,1,5.0,2.0
9.3,2,254.1341,Car,13.3017,1,5.0,2.0
9.4,2,255.4618,Car,13.2539,1,5.0,2.0
9.5,2,256.7837,Car,13.1835,1,5.0,2.0
9.6,2,258.1037,Car,13.2162,1,5.0,2.0
9.7,2,259.4259,Car,13.2275,1,5.0,2.0
9.8,2,260.7422,Car,13.0982,1,5.0,2.0
9.9,2,262.054,Car,13.1381,1,5.0,2.0
10.0,2,263.3644,Car,13.0698,1,5.0,2.0
10.1,2,264.6701,Car,13.045,1,5.0,2.0
10.2,2,265.9715,Car,12.9823,1,5.0,2.0
10.3,2,267.2691,Car,12.9708,1,5.0,2.0
10.4,2,268.567,Car,12.9869,1,5.0,2.0
10.5,2,269.863,Car,12.9328,1,5.0,2.0
10.6,2,271.1564,Car,12.9352,1,5.0,2.0
10.7,2,272.4475,Car,12.8871,1,5.0,2.0
10.8,2,273.7336,Car,12.8342,1,5.0,2.0
10.9,2,275.0175,Car,12.8436,1,5.0,2.0
11.0,2,276.2985,Car,12.7758,1,5.0,2.0
11.1,2,277.5753,Car,12.7602,1,5.0,2.0
11.2,2,278.8483,Car,12.7005,1,5.0,2.0
11.3,2,280.1177,Car,12.687,1,5.0,2.0
11.4,2,281.3841,Car,12.6414,1,5.0,2.0
11.5,2,282.6497,Car,12.6712,1,5.0,2.0
11.6,2,283.9126,Car,12.5873,1,5.0,2.0
11.7,2,285.1735,Car,12.6293,1,5.0,2.0
11.8,2,286.4342,Car,12.5854,1,5.0,2.0
11.9,2,287.6942,Car,12.6139,1,5.0,2.0
12.0,2,288.9544,Car,12.5912,1,5.0,2.0
12.1,2,290.2148,Car,12.6156,1,5.0,2.0
12.2,2,291.4744,Car,12.5776,1,5.0,2.0
12.3,2,292.7286,Car,12.5058,1,5.0,2.0
12.4,2,293.9814,Car,12.5507,1,5.0,2.0
12.5,2,295.2349,Car,12.5198,1,5.0,2.0
12.6,2,296.4881,Car,12.5442,1,5.0,2.0
12.7,2,297.746,Car,12.6123,1,5.0,2.0
12.8,2,299.0064,Car,12.5958,1,5.0,2.0
12.9,2,300.2646,Car,12.5679,1,5.0,2.0
13.0,2,301.5216,Car,12.573,1,5.0,2.0
13.1,2,302.7813,Car,12.6212,1,5.0,2.0
13.2,2,304.0425,Car,12.6028,1,5.0,2.0
13.3,2,305.3047,Car,12.6403,1,5.0,2.0
13.4,2,306.5713,Car,12.693,1,5.0,2.0
13.5,2,307.8432,Car,12.7434,1,5.0,2.0
13.6,2,309.118,Car,12.7539,1,5.0,2.0
13.7,2,310.3905,Car,12.6955,1,5.0,2.0
13.8,2,311.6654,Car,12.8034,1,5.0,2.0
13.9,2,312.947,Car,12.8278,1,5.0,2.0
14.0,2,314.2319,Car,12.8707,1,5.0,2.0
14.1,2,315.5225,Car,12.9404,1,5.0,2.0
14.2,2,316.8127,Car,12.8645,1,5.0,2.0
14.3,2,318.1031,Car,12.9439,1,5.0,2.0
14.4,2,319.4011,Car,13.0152,1,5.0,2.0
14.5,2,320.7012,Car,12.9862,1,5.0,2.0
14.6,2,322.0062,Car,13.1143,1,5.0,2.0
14.7,2,323.3178,Car,13.1175,1,5.0,2.0
14.8,2,324.6321,Car,13.1681,1,5.0,2.0
14.9,2,325.9485,Car,13.1616,1,5.0,2.0
15.0,2,327.2686,Car,13.2387,1,5.0,2.0
15.1,2,328.5946,Car,13.2814,1,5.0,2.0
15.2,2,329.9232,Car,13.2906,1,5.0,2.0
15.3,2,331.2539,Car,13.3241,1,5.0,2.0
15.4,2,332.588,Car,13.3577,1,5.0,2.0
15.5,2,333.9236,Car,13.355,1,5.0,2.0
15.6,2,335.2617,Car,13.4067,1,5.0,2.0
15.7,2,336.6038,Car,13.4354,1,5.0,2.0
15.8,2,337.9495,Car,13.4789,1,5.0,2.0
15.9,2,339.2996,Car,13.5235,1,5.0,2.0
16.0,2,340.6501,Car,13.4863,1,5.0,2.0
16.1,2,342.0013,Car,13.5373,1,5.0,2.0
16.2,2,343.3585,Car,13.6068,1,5.0,2.0
16.3,2,344.7168,Car,13.5599,1,5.0,2.0
16.4,2,346.0736,Car,13.5757,1,5.0,2.0
16.5,2,347.4336,Car,13.6229,1,5.0,2.0
16.6,2,348.7976,Car,13.6571,1,5.0,2.0
16.7,2,350.1627,Car,13.6455,1,5.0,2.0
16.8,2,351.5298,Car,13.6969,1,5.0,2.0
16.9,2,352.8993,Car,13.6931,1,5.0,2.0
17.0,2,354.269,Car,13.7016,1,5.0,2.0
17.1,2,355.6392,Car,13.7006,1,5.0,2.0
17.2,2,357.0122,Car,13.7602,1,5.0,2.0
17.3,2,358.3847,Car,13.6894,1,5.0,2.0
17.4,2,359.7511,Car,13.6396,1,5.0,2.0
17.5,2,361.1207,Car,13.751,1,5.0,2.0
17.6,2,362.4928,Car,13.6915,1,5.0,2.0
17.7,2,363.8629,Car,13.7101,1,5.0,2.0
17.8,2,365.2357,Car,13.7472,1,5.0,2.0
17.9,2,366.6061,Car,13.6604,1,5.0,2.0
18.0,2,367.9727,Car,13.6712,1,5.0,2.0
18.1,2,369.3393,Car,13.6607,1,5.0,2.0
18.2,2,370.7066,Car,13.6849,1,5.0,2.0
18.3,2,372.0769,Car,13.7219,1,5.0,2.0
18.4,2,373.4492,Car,13.7247,1,5.0,2.0
18.5,2,374.8213,Car,13.7177,1,5.0,2.0
18.6,2,376.1906,Car,13.668,1,5.0,2.0
18.7,2,377.5562,Car,13.6426,1,5.0,2.0
18.8,2,378.9241,Car,13.7157,1,5.0,2.0
18.9,2,380.295,Car,13.7028,1,5.0,2.0
19.0,2,381.6669,Car,13.7346,1,5.0,2.0
19.1,2,383.0409,Car,13.7466,1,5.0,2.0
19.2,2,384.415,Car,13.7354,1,5.0,2.0
19.3,2,385.7898,Car,13.7609,1,5.0,2.0
19.4,2,387.1655,Car,13.7529,1,5.0,2.0
19.5,2,388.5417,Car,13.7711,1,5.0,2.0
19.6,2,389.9175,Car,13.7445,1,5.0,2.0
19.7,2,391.2933,Car,13.7719,1,5.0,2.0
19.8,2,392.6717,Car,13.7961,1,5.0,2.0
19.9,2,394.053,Car,13.8289,1,5.0,2.0
20.0,2,395.4348,Car,13.8079,1,5.0,2.0
0.0,3,65.0,Truck,11.1304,1,8.0,2.5
0.1,3,66.1121,Truck,11.1119,1,8.0,2.5
0.2,3,67.2235,Truck,11.1165,1,8.0,2.5
0.3,3,68.3297,Truck,11.0072,1,8.0,2.5
0.4,3,69.4302,Truck,11.0027,1,8.0,2.5
0.5,3,70.5289,Truck,10.9712,1,8.0,2.5
0.6,3,71.6234,Truck,10.9193,1,8.0,2.5
0.7,3,72.7165,Truck,10.9423,1,8.0,2.5
0.8,3,73.8115,Truck,10.9582,1,8.0,2.5
0.9,3,74.9045,Truck,10.9003,1,8.0,2.5
1.0,3,75.9939,Truck,10.8881,1,8.0,2.5
1.1,3,77.0827,Truck,10.8883,1,8.0,2.5
1.2,3,78.1706,Truck,10.8694,1,8.0,2.5
1.3,3,79.2542,Truck,10.8021,1,8.0,2.5
1.4,3,80.3353,Truck,10.8201,1,8.0,2.5
1.5,3,81.4142,Truck,10.7584,1,8.0,2.5
1.6,3,82.4875,Truck,10.7078,1,8.0,2.5
1.7,3,83.5576,Truck,10.6936,1,8.0,2.5
1.8,3,84.6246,Truck,10.6469,1,8.0,2.5
1.9,3,85.6893,Truck,10.646,1,8.0,2.5
2.0,3,86.7538,Truck,10.6449,1,8.0,2.5
2.1,3,87.8193,Truck,10.6645,1,8.0,2.5
2.2,3,88.8864,Truck,10.6786,1,8.0,2.5
2.3,3,89.9491,Truck,10.5742,1,8.0,2.5
2.4,3,91.0087,Truck,10.6182,1,8.0,2.5
2.5,3,92.068,Truck,10.5681,1,8.0,2.5
2.6,3,93.1268,Truck,10.6087,1,8.0,2.5
2.7,3,94.1867,Truck,10.588,1,8.0,2.5
2.8,3,95.2429,Truck,10.5369,1,8.0,2.5
2.9,3,96.3009,Truck,10.622,1,8.0,2.5
3.0,3,97.361,Truck,10.5808,1,8.0,2.5
3.1,3,98.4195,Truck,10.5901,1,8.0,2.5
3.2,3,99.4782,Truck,10.5837,1,8.0,2.5
3.3,3,100.5378,Truck,10.6083,1,8.0,2.5
3.4,3,101.601,Truck,10.6553,1,8.0,2.5
3.5,3,102.6665,Truck,10.6538,1,8.0,2.5
3.6,3,103.7336,Truck,10.6886,1,8.0,2.5
3.7,3,104.8036,Truck,10.7111,1,8.0,2.5
3.8,3,105.8773,Truck,10.7636,1,8.0,2.5
3.9,3,106.9525,Truck,10.7395,1,8.0,2.5
4.0,3,108.0261,Truck,10.7333,1,8.0,2.5
4.1,3,109.1047,Truck,10.8393,1,8.0,2.5
4.2,3,110.1881,Truck,10.8287,1,8.0,2.5
4.3,3,111.2748,Truck,10.9051,1,8.0,2.5
4.4,3,112.366,Truck,10.9177,1,8.0,2.5
4.5,3,113.4588,Truck,10.9381,1,8.0,2.5
4.6,3,114.5551,Truck,10.9895,1,8.0,2.5
4.7,3,115.6584,Truck,11.0756,1,8.0,2.5
4.8,3,116.7681,Truck,11.1182,1,8.0,2.5
4.9,3,117.8789,Truck,11.0975,1,8.0,2.5
5.0,3,118.9908,Truck,11.1403,1,8.0,2.5
5.1,3,120.1082,Truck,11.2081,1,8.0,2.5
5.2,3,121.2281,Truck,11.191,1,8.0,2.5
5.3,3,122.351,Truck,11.2668,1,8.0,2.5
5.4,3,123.4792,Truck,11.2964,1,8.0,2.5
5.5,3,124.6113,Truck,11.3465,1,8.0,2.5
5.6,3,125.7462,Truck,11.3516,1,8.0,2.5
5.7,3,126.8822,Truck,11.3677,1,8.0,2.5
5.8,3,128.0201,Truck,11.3911,1,8.0,2.5
5.9,3,129.1625,Truck,11.4568,1,8.0,2.5
6.0,3,130.311,Truck,11.5125,1,8.0,2.5
6.1,3,131.4642,Truck,11.5521,1,8.0,2.5
6.2,3,132.6245,Truck,11.6524,1,8.0,2.5
6.3,3,133.79,Truck,11.6594,1,8.0,2.5
6.4,3,134.9544,Truck,11.6277,1,8.0,2.5
6.5,3,136.1206,Truck,11.6958,1,8.0,2.5
6.6,3,137.2904,Truck,11.7003,1,8.0,2.5
6.7,3,138.4619,Truck,11.7293,1,8.0,2.5
6.8,3,139.6367,Truck,11.7669,1,8.0,2.5
6.9,3,140.8151,Truck,11.8017,1,8.0,2.5
7.0,3,141.9948,Truck,11.7929,1,8.0,2.5
7.1,3,143.1771,Truck,11.853,1,8.0,2.5
7.2,3,144.3599,Truck,11.8031,1,8.0,2.5
7.3,3,145.5427,Truck,11.8519,1,8.0,2.5
7.4,3,146.7324,Truck,11.9423,1,8.0,2.5
7.5,3,147.9236,Truck,11.882,1,8.0,2.5
7.6,3,149.1141,Truck,11.9275,1,8.0,2.5
7.7,3,150.3052,Truck,11.8949,1,8.0,2.5
7.8,3,151.4957,Truck,11.9157,1,8.0,2.5
7.9,3,152.6866,Truck,11.9012,1,8.0,2.5
8.0,3,153.8767,Truck,11.9011,1,8.0,2.5
8.1,3,155.066,Truck,11.8849,1,8.0,2.5
8.2,3,156.2564,Truck,11.9221,1,8.0,2.5
8.3,3,157.4466,Truck,11.8836,1,8.0,2.5
8.4,3,158.6372,Truck,11.9281,1,8.0,2.5
8.5,3,159.8306,Truck,11.939,1,8.0,2.5
8.6,3,161.0233,Truck,11.915,1,8.0,2.5
8.7,3,162.2136,Truck,11.8926,1,8.0,2.5
8.8,3,163.4039,Truck,11.9116,1,8.0,2.5
8.9,3,164.5937,Truck,11.8852,1,8.0,2.5
9.0,3,165.7839,Truck,11.919,1,8.0,2.5
9.1,3,166.9715,Truck,11.8325,1,8.0,2.5
9.2,3,168.1568,Truck,11.874,1,8.0,2.5
9.3,3,169.3416,Truck,11.8213,1,8.0,2.5
9.4,3,170.5243,Truck,11.8336,1,8.0,2.5
9.5,3,171.7119,Truck,11.9172,1,8.0,2.5
9.6,3,172.9028,Truck,11.9017,1,8.0,2.5
9.7,3,174.0905,Truck,11.8525,1,8.0,2.5
9.8,3,175.2746,Truck,11.829,1,8.0,2.5
9.9,3,176.4554,Truck,11.7861,1,8.0,2.5
10.0,3,177.6377,Truck,11.8606,1,8.0,2.5
10.1,3,178.8283,Truck,11.9525,1,8.0,2.5
10.2,3,180.0208,Truck,11.8969,1,8.0,2.5
10.3,3,181.2093,Truck,11.8722,1,8.0,2.5
10.4,3,182.3983,Truck,11.9091,1,8.0,2.5
10.5,3,183.5866,Truck,11.8557,1,8.0,2.5
10.6,3,184.7745,Truck,11.9021,1,8.0,2.5
10.7,3,185.9657,Truck,11.9236,1,8.0,2.5
10.8,3,187.1584,Truck,11.9287,1,8.0,2.5
10.9,3,188.3531,Truck,11.9668,1,8.0,2.5
11.0,3,189.5498,Truck,11.9662,1,8.0,2.5
11.1,3,190.7476,Truck,11.9897,1,8.0,2.5
11.2,3,191.9452,Truck,11.9636,1,8.0,2.5
11.3,3,193.1448,Truck,12.0266,1,8.0,2.5
11.4,3,194.3493,Truck,12.0646,1,8.0,2.5
11.5,3,195.5527,Truck,12.0034,1,8.0,2.5
11.6,3,196.754,Truck,12.023,1,8.0,2.5
11.7,3,197.9605,Truck,12.1073,1,8.0,2.5
11.8,3,199.1699,Truck,12.0793,1,8.0,2.5
11.9,3,200.3811,Truck,12.1451,1,8.0,2.5
12.0,3,201.5937,Truck,12.1075,1,8.0,2.5
12.1,3,202.8082,Truck,12.1822,1,8.0,2.5
12.2,3,204.0253,Truck,12.1599,1,8.0,2.5
12.3,3,205.2423,Truck,12.1806,1,8.0,2.5
12.4,3,206.4632,Truck,12.2361,1,8.0,2.5
12.5,3,207.6847,Truck,12.1939,1,8.0,2.5
12.6,3,208.9039,Truck,12.1912,1,8.0,2.5
12.7,3,210.1245,Truck,12.2196,1,8.0,2.5
12.8,3,211.3484,Truck,12.259,1,8.0,2.5
12.9,3,212.5718,Truck,12.2095,1,8.0,2.5
13.0,3,213.7966,Truck,12.2852,1,8.0,2.5
13.1,3,215.0237,Truck,12.258,1,8.0,2.5
13.2,3,216.2524,Truck,12.3149,1,8.0,2.5
13.3,3,217.4788,Truck,12.2131,1,8.0,2.5
13.4,3,218.7026,Truck,12.264,1,8.0,2.5
13.5,3,219.9277,Truck,12.2375,1,8.0,2.5
13.6,3,221.1527,Truck,12.2618,1,8.0,2.5
13.7,3,222.3803,Truck,12.2904,1,8.0,2.5
13.8,3,223.6084,Truck,12.2717,1,8.0,2.5
13.9,3,224.835,Truck,12.2614,1,8.0,2.5
14.0,3,226.0608,Truck,12.2538,1,8.0,2.5
14.1,3,227.2861,Truck,12.252,1,8.0,2.5
14.2,3,228.5087,Truck,12.2006,1,8.0,2.5
14.3,3,229.7305,Truck,12.2348,1,8.0,2.5
14.4,3,230.9529,Truck,12.2139,1,8.0,2.5
14.5,3,232.1728,Truck,12.1837,1,8.0,2.5
14.6,3,233.3902,Truck,12.1648,1,8.0,2.5
14.7,3,234.605,Truck,12.1309,1,8.0,2.5
14.8,3,235.8193,Truck,12.1549,1,8.0,2.5
14.9,3,237.0301,Truck,12.0611,1,8.0,2.5
15.0,3,238.2343,Truck,12.0224,1,8.0,2.5
15.1,3,239.4342,Truck,11.9753,1,8.0,2.5
15.2,3,240.6295,Truck,11.9315,1,8.0,2.5
15.3,3,241.8205,Truck,11.8882,1,8.0,2.5
15.4,3,243.0079,Truck,11.8606,1,8.0,2.5
15.5,3,244.1932,Truck,11.8457,1,8.0,2.5
15.6,3,245.3764,Truck,11.8173,1,8.0,2.5
15.7,3,246.5556,Truck,11.7674,1,8.0,2.5
15.8,3,247.729,Truck,11.7007,1,8.0,2.5
15.9,3,248.8995,Truck,11.7079,1,8.0,2.5
16.0,3,250.0678,Truck,11.66,1,8.0,2.5
16.1,3,251.2303,Truck,11.5897,1,8.0,2.5
16.2,3,252.3864,Truck,11.5315,1,8.0,2.5
16.3,3,253.5392,Truck,11.5243,1,8.0,2.5
16.4,3,254.6889,Truck,11.4706,1,8.0,2.5
16.5,3,255.8314,Truck,11.379,1,8.0,2.5
16.6,3,256.9693,Truck,11.3787,1,8.0,2.5
16.7,3,258.1056,Truck,11.3476,1,8.0,2.5
16.8,3,259.2366,Truck,11.2727,1,8.0,2.5
16.9,3,260.3636,Truck,11.2665,1,8.0,2.5
17.0,3,261.4859,Truck,11.1796,1,8.0,2.5
17.1,3,262.6062,Truck,11.2271,1,8.0,2.5
17.2,3,263.7271,Truck,11.1898,1,8.0,2.5
17.3,3,264.8421,Truck,11.1117,1,8.0,2.5
17.4,3,265.9527,Truck,11.0989,1,8.0,2.5
17.5,3,267.0569,Truck,10.9862,1,8.0,2.5
17.6,3,268.156,Truck,10.9962,1,8.0,2.5
17.7,3,269.2557,Truck,10.9965,1,8.0,2.5
17.8,3,270.353,Truck,10.9496,1,8.0,2.5
17.9,3,271.4496,Truck,10.9817,1,8.0,2.5
18.0,3,272.5487,Truck,11.0008,1,8.0,2.5
18.1,3,273.6431,Truck,10.8884,1,8.0,2.5
18.2,3,274.7317,Truck,10.8834,1,8.0,2.5
18.3,3,275.821,Truck,10.9025,1,8.0,2.5
18.4,3,276.9128,Truck,10.9328,1,8.0,2.5
18.5,3,278.0014,Truck,10.8389,1,8.0,2.5
18.6,3,279.0871,Truck,10.8761,1,8.0,2.5
18.7,3,280.1769,Truck,10.9183,1,8.0,2.5
18.8,3,281.2633,Truck,10.811,1,8.0,2.5
18.9,3,282.3449,Truck,10.8207,1,8.0,2.5
19.0,3,283.4283,Truck,10.8468,1,8.0,2.5
19.1,3,284.5129,Truck,10.8458,1,8.0,2.5
19.2,3,285.5997,Truck,10.8891,1,8.0,2.5
19.3,3,286.688,Truck,10.8767,1,8.0,2.5
19.4,3,287.7729,Truck,10.8222,1,8.0,2.5
19.5,3,288.8589,Truck,10.8979,1,8.0,2.5
19.6,3,289.9475,Truck,10.8731,1,8.0,2.5
19.7,3,291.038,Truck,10.9375,1,8.0,2.5
19.8,3,292.1294,Truck,10.8899,1,8.0,2.5
19.9,3,293.2188,Truck,10.8997,1,8.0,2.5
20.0,3,294.3111,Truck,10.9455,1,8.0,2.5
0.0,4,160.0,Car,15.5172,2,5.0,2.0
0.1,4,161.5481,Car,15.4449,2,5.0,2.0
0.2,4,163.0955,Car,15.5031,2,5.0,2.0
0.3,4,164.643,Car,15.4474,2,5.0,2.0
0.4,4,166.1893,Car,15.477,2,5.0,2.0
0.5,4,167.7341,Car,15.419,2,5.0,2.0
0.6,4,169.2784,Car,15.4671,2,5.0,2.0
0.7,4,170.8228,Car,15.4221,2,5.0,2.0
0.8,4,172.364,Car,15.401,2,5.0,2.0
0.9,4,173.9068,Car,15.4549,2,5.0,2.0
1.0,4,175.4513,Car,15.4356,2,5.0,2.0
1.1,4,176.9934,Car,15.4058,2,5.0,2.0
1.2,4,178.5369,Car,15.4648,2,5.0,2.0
1.3,4,180.0804,Car,15.4063,2,5.0,2.0
1.4,4,181.6218,Car,15.4202,2,5.0,2.0
1.5,4,183.1642,Car,15.4286,2,5.0,2.0
1.6,4,184.7059,Car,15.4048,2,5.0,2.0
1.7,4,186.2482,Car,15.4421,2,5.0,2.0
1.8,4,187.7912,Car,15.4183,2,5.0,2.0
1.9,4,189.3337,Car,15.4301,2,5.0,2.0
2.0,4,190.8798,Car,15.4935,2,5.0,2.0
2.1,4,192.4262,Car,15.4335,2,5.0,2.0
2.2,4,193.9682,Car,15.4064,2,5.0,2.0
2.3,4,195.5157,Car,15.5432,2,5.0,2.0
2.4,4,197.0723,Car,15.5896,2,5.0,2.0
2.5,4,198.6278,Car,15.5211,2,5.0,2.0
2.6,4,200.1788,Car,15.4974,2,5.0,2.0
2.7,4,201.7322,Car,15.5705,2,5.0,2.0
2.8,4,203.2906,Car,15.5974,2,5.0,2.0
2.9,4,204.8518,Car,15.6284,2,5.0,2.0
3.0,4,206.4148,Car,15.6306,2,5.0,2.0
3.1,4,207.982,Car,15.7131,2,5.0,2.0
3.2,4,209.5549,Car,15.7448,2,5.0,2.0
3.3,4,211.1281,Car,15.7192,2,5.0,2.0
3.4,4,212.7051,Car,15.8214,2,5.0,2.0
3.5,4,214.2912,Car,15.8997,2,5.0,2.0
3.6,4,215.8802,Car,15.8821,2,5.0,2.0
3.7,4,217.4697,Car,15.9068,2,5.0,2.0
3.8,4,219.0627,Car,15.9535,2,5.0,2.0
3.9,4,220.6613,Car,16.0178,2,5.0,2.0
4.0,4,222.2616,Car,15.9896,2,5.0,2.0
4.1,4,223.8656,Car,16.089,2,5.0,2.0
4.2,4,225.4758,Car,16.1152,2,5.0,2.0
4.3,4,227.0928,Car,16.2253,2,5.0,2.0
4.4,4,228.7144,Car,16.2074,2,5.0,2.0
4.5,4,230.3401,Car,16.3051,2,5.0,2.0
4.6,4,231.9685,Car,16.264,2,5.0,2.0
4.7,4,233.5995,Car,16.3562,2,5.0,2.0
4.8,4,235.2368,Car,16.3888,2,5.0,2.0
4.9,4,236.8759,Car,16.3928,2,5.0,2.0
5.0,4,238.5186,Car,16.4627,2,5.0,2.0
5.1,4,240.1683,Car,16.531,2,5.0,2.0
5.2,4,241.8209,Car,16.5208,2,5.0,2.0
5.3,4,243.4727,Car,16.514,2,5.0,2.0
5.4,4,245.1282,Car,16.5968,2,5.0,2.0
5.5,4,246.7881,Car,16.601,2,5.0,2.0
5.6,4,248.4505,Car,16.6466,2,5.0,2.0
5.7,4,250.1169,Car,16.6812,2,5.0,2.0
5.8,4,251.7838,Car,16.6572,2,5.0,2.0
5.9,4,253.4508,Car,16.6824,2,5.0,2.0
6.0,4,255.1232,Car,16.7656,2,5.0,2.0
6.1,4,256.7991,Car,16.7534,2,5.0,2.0
6.2,4,258.4722,Car,16.7078,2,5.0,2.0
6.3,4,260.1486,Car,16.8215,2,5.0,2.0
6.4,4,261.8306,Car,16.8171,2,5.0,2.0
6.5,4,263.5112,Car,16.796,2,5.0,2.0
6.6,4,265.1902,Car,16.7842,2,5.0,2.0
6.7,4,266.8721,Car,16.8527,2,5.0,2.0
6.8,4,268.5567,Car,16.8397,2,5.0,2.0
6.9,4,270.2437,Car,16.9002,2,5.0,2.0
7.0,4,271.9306,Car,16.8386,2,5.0,2.0
7.1,4,273.6142,Car,16.8329,2,5.0,2.0
7.2,4,275.2963,Car,16.8096,2,5.0,2.0
7.3,4,276.9783,Car,16.8306,2,5.0,2.0
7.4,4,278.6606,Car,16.8145,2,5.0,2.0
7.5,4,280.3424,Car,16.8214,2,5.0,2.0
7.6,4,282.0212,Car,16.7548,2,5.0,2.0
7.7,4,283.6961,Car,16.7426,2,5.0,2.0
7.8,4,285.3695,Car,16.7253,2,5.0,2.0
7.9,4,287.0431,Car,16.7464,2,5.0,2.0
8.0,4,288.7178,Car,16.7496,2,5.0,2.0
8.1,4,290.3889,Car,16.6721,2,5.0,2.0
8.2,4,292.0552,Car,16.6537,2,5.0,2.0
8.3,4,293.7207,Car,16.6559,2,5.0,2.0
8.4,4,295.3844,Car,16.6189,2,5.0,2.0
8.5,4,297.0471,Car,16.6344,2,5.0,2.0
8.6,4,298.7047,Car,16.5178,2,5.0,2.0
8.7,4,300.3576,Car,16.5402,2,5.0,2.0
8.8,4,302.0107,Car,16.5214,2,5.0,2.0
8.9,4,303.6595,Car,16.4555,2,5.0,2.0
9.0,4,305.3062,Car,16.4769,2,5.0,2.0
9.1,4,306.953,Car,16.4597,2,5.0,2.0
9.2,4,308.5991,Car,16.4632,2,5.0,2.0
9.3,4,310.2466,Car,16.4854,2,5.0,2.0
9.4,4,311.8923,Car,16.4284,2,5.0,2.0
9.5,4,313.5332,Car,16.3896,2,5.0,2.0
9.6,4,315.1729,Car,16.4045,2,5.0,2.0
9.7,4,316.8143,Car,16.4245,2,5.0,2.0
9.8,4,318.4531,Car,16.3517,2,5.0,2.0
9.9,4,320.0878,Car,16.3428,2,5.0,2.0
10.0,4,321.7238,Car,16.3771,2,5.0,2.0
10.1,4,323.36,Car,16.3452,2,5.0,2.0
10.2,4,324.9954,Car,16.3639,2,5.0,2.0
10.3,4,326.6305,Car,16.3378,2,5.0,2.0
10.4,4,328.2651,Car,16.3541,2,5.0,2.0
10.5,4,329.8977,Car,16.2979,2,5.0,2.0
10.6,4,331.5289,Car,16.3256,2,5.0,2.0
10.7,4,333.161,Car,16.3175,2,5.0,2.0
10.8,4,334.7912,Car,16.2861,2,5.0,2.0
10.9,4,336.4193,Car,16.2752,2,5.0,2.0
11.0,4,338.0502,Car,16.343,2,5.0,2.0
11.1,4,339.683,Car,16.3127,2,5.0,2.0
11.2,4,341.3133,Car,16.2938,2,5.0,2.0
11.3,4,342.9441,Car,16.3233,2,5.0,2.0
11.4,4,344.5784,Car,16.3619,2,5.0,2.0
11.5,4,346.2096,Car,16.2616,2,5.0,2.0
11.6,4,347.837,Car,16.2871,2,5.0,2.0
11.7,4,349.4667,Car,16.3062,2,5.0,2.0
11.8,4,351.1009,Car,16.3792,2,5.0,2.0
11.9,4,352.7372,Car,16.345,2,5.0,2.0
12.0,4,354.3724,Car,16.3601,2,5.0,2.0
12.1,4,356.0056,Car,16.3028,2,5.0,2.0
12.2,4,357.6358,Car,16.3025,2,5.0,2.0
12.3,4,359.2683,Car,16.3477,2,5.0,2.0
12.4,4,360.9024,Car,16.3331,2,5.0,2.0
12.5,4,362.5362,Car,16.3438,2,5.0,2.0
12.6,4,364.1692,Car,16.3164,2,5.0,2.0
12.7,4,365.8013,Car,16.3237,2,5.0,2.0
12.8,4,367.433,Car,16.312,2,5.0,2.0
12.9,4,369.0647,Car,16.3209,2,5.0,2.0
13.0,4,370.6963,Car,16.3106,2,5.0,2.0
13.1,4,372.323,Car,16.2249,2,5.0,2.0
13.2,4,373.9439,Car,16.1915,2,5.0,2.0
13.3,4,375.5671,Car,16.2726,2,5.0,2.0
13.4,4,377.1937,Car,16.2602,2,5.0,2.0
13.5,4,378.8154,Car,16.1741,2,5.0,2.0
13.6,4,380.4305,Car,16.1273,2,5.0,2.0
13.7,4,382.045,Car,16.1628,2,5.0,2.0
13.8,4,383.6613,Car,16.1627,2,5.0,2.0
13.9,4,385.2775,Car,16.162,2,5.0,2.0
14.0,4,386.8904,Car,16.0953,2,5.0,2.0
14.1,4,388.4971,Car,16.0389,2,5.0,2.0
14.2,4,390.0986,Car,15.9919,2,5.0,2.0
14.3,4,391.6975,Car,15.9864,2,5.0,2.0
14.4,4,393.294,Car,15.9432,2,5.0,2.0
14.5,4,394.8855,Car,15.8866,2,5.0,2.0
14.6,4,396.477,Car,15.9425,2,5.0,2.0
14.7,4,398.069,Car,15.8976,2,5.0,2.0
14.8,4,399.6559,Car,15.8404,2,5.0,2.0
14.9,4,401.2349,Car,15.7403,2,5.0,2.0
15.0,4,402.8097,Car,15.7548,2,5.0,2.0
15.1,4,404.3829,Car,15.7093,2,5.0,2.0
15.2,4,405.9515,Car,15.6642,2,5.0,2.0
15.3,4,407.5172,Car,15.6493,2,5.0,2.0
15.4,4,409.0793,Car,15.5919,2,5.0,2.0
15.5,4,410.6367,Car,15.5565,2,5.0,2.0
15.6,4,412.1903,Car,15.5154,2,5.0,2.0
15.7,4,413.7395,Car,15.4692,2,5.0,2.0
15.8,4,415.2814,Car,15.3691,2,5.0,2.0
15.9,4,416.8194,Car,15.3898,2,5.0,2.0
16.0,4,418.3557,Car,15.3365,2,5.0,2.0
16.1,4,419.8866,Car,15.2821,2,5.0,2.0
16.2,4,421.4177,Car,15.3397,2,5.0,2.0
16.3,4,422.9503,Car,15.3116,2,5.0,2.0
16.4,4,424.4795,Car,15.2728,2,5.0,2.0
16.5,4,426.0038,Car,15.2138,2,5.0,2.0
16.6,4,427.5257,Car,15.2229,2,5.0,2.0
16.7,4,429.0449,Car,15.161,2,5.0,2.0
16.8,4,430.5603,Car,15.1473,2,5.0,2.0
16.9,4,432.0722,Car,15.0912,2,5.0,2.0
17.0,4,433.5828,Car,15.1212,2,5.0,2.0
17.1,4,435.0938,Car,15.0987,2,5.0,2.0
17.2,4,436.6012,Car,15.0478,2,5.0,2.0
17.3,4,438.1074,Car,15.0779,2,5.0,2.0
17.4,4,439.6149,Car,15.0721,2,5.0,2.0
17.5,4,441.1248,Car,15.126,2,5.0,2.0
17.6,4,442.6361,Car,15.0989,2,5.0,2.0
17.7,4,444.1448,Car,15.0748,2,5.0,2.0
17.8,4,445.6529,Car,15.0868,2,5.0,2.0
17.9,4,447.1616,Car,15.0879,2,5.0,2.0
18.0,4,448.6705,Car,15.0899,2,5.0,2.0
18.1,4,450.1787,Car,15.0752,2,5.0,2.0
18.2,4,451.6883,Car,15.1169,2,5.0,2.0
18.3,4,453.1999,Car,15.1149,2,5.0,2.0
18.4,4,454.7116,Car,15.1174,2,5.0,2.0
18.5,4,456.2269,Car,15.1897,2,5.0,2.0
18.6,4,457.7468,Car,15.2072,2,5.0,2.0
18.7,4,459.2654,Car,15.1645,2,5.0,2.0
18.8,4,460.7855,Car,15.2384,2,5.0,2.0
18.9,4,462.3123,Car,15.2971,2,5.0,2.0
19.0,4,463.8434,Car,15.3253,2,5.0,2.0
19.1,4,465.3772,Car,15.3514,2,5.0,2.0
19.2,4,466.9123,Car,15.3497,2,5.0,2.0
19.3,4,468.4473,Car,15.3516,2,5.0,2.0
19.4,4,469.9836,Car,15.3733,2,5.0,2.0
19.5,4,471.5245,Car,15.4453,2,5.0,2.0
19.6,4,473.0706,Car,15.4756,2,5.0,2.0
19.7,4,474.621,Car,15.5321,2,5.0,2.0
19.8,4,476.1753,Car,15.5555,2,5.0,2.0
19.9,4,477.7305,Car,15.5472,2,5.0,2.0
20.0,4,479.2849,Car,15.542,2,5.0,2.0
0.0,5,95.0,Truck,13.0885,2,8.0,2.5
0.1,5,96.3075,Truck,13.0607,2,8.0,2.5
0.2,5,97.6121,Truck,13.032,2,8.0,2.5
0.3,5,98.9156,Truck,13.0374,2,8.0,2.5
0.4,5,100.2171,Truck,12.9931,2,8.0,2.5
0.5,5,101.515,Truck,12.9657,2,8.0,2.5
0.6,5,102.8117,Truck,12.9682,2,8.0,2.5
0.7,5,104.1061,Truck,12.9191,2,8.0,2.5
0.8,5,105.3975,Truck,12.909,2,8.0,2.5
0.9,5,106.6869,Truck,12.8784,2,8.0,2.5
1.0,5,107.9709,Truck,12.803,2,8.0,2.5
1.1,5,109.2505,Truck,12.788,2,8.0,2.5
1.2,5,110.5303,Truck,12.8093,2,8.0,2.5
1.3,5,111.8055,Truck,12.6936,2,8.0,2.5
1.4,5,113.0715,Truck,12.6261,2,8.0,2.5
1.5,5,114.3325,Truck,12.5937,2,8.0,2.5
1.6,5,115.5926,Truck,12.6095,2,8.0,2.5
1.7,5,116.8515,Truck,12.5678,2,8.0,2.5
1.8,5,118.1059,Truck,12.5209,2,8.0,2.5
1.9,5,119.3579,Truck,12.518,2,8.0,2.5
2.0,5,120.6017,Truck,12.3582,2,8.0,2.5
2.1,5,121.8399,Truck,12.4069,2,8.0,2.5
2.2,5,123.0802,Truck,12.3986,2,8.0,2.5
2.3,5,124.3139,Truck,12.2749,2,8.0,2.5
2.4,5,125.5404,Truck,12.2546,2,8.0,2.5
2.5,5,126.7632,Truck,12.2014,2,8.0,2.5
2.6,5,127.981,Truck,12.1558,2,8.0,2.5
2.7,5,129.1954,Truck,12.1324,2,8.0,2.5
2.8,5,130.4093,Truck,12.1456,2,8.0,2.5
2.9,5,131.6226,Truck,12.1198,2,8.0,2.5
3.0,5,132.8295,Truck,12.0178,2,8.0,2.5
3.1,5,134.0329,Truck,12.0498,2,8.0,2.5
3.2,5,135.2333,Truck,11.9601,2,8.0,2.5
3.3,5,136.4303,Truck,11.9798,2,8.0,2.5
3.4,5,137.624,Truck,11.8944,2,8.0,2.5
3.5,5,138.8124,Truck,11.8731,2,8.0,2.5
3.6,5,139.9988,Truck,11.8542,2,8.0,2.5
3.7,5,141.1872,Truck,11.9148,2,8.0,2.5
3.8,5,142.3741,Truck,11.8233,2,8.0,2.5
3.9,5,143.5531,Truck,11.7572,2,8.0,2.5
4.0,5,144.7305,Truck,11.7904,2,8.0,2.5
4.1,5,145.9068,Truck,11.7357,2,8.0,2.5
4.2,5,147.0796,Truck,11.7194,2,8.0,2.5
4.3,5,148.2531,Truck,11.7512,2,8.0,2.5
4.4,5,149.4265,Truck,11.717,2,8.0,2.5
4.5,5,150.5983,Truck,11.7188,2,8.0,2.5
4.6,5,151.7696,Truck,11.7075,2,8.0,2.5
4.7,5,152.9408,Truck,11.7159,2,8.0,2.5
4.8,5,154.1126,Truck,11.7194,2,8.0,2.5
4.9,5,155.2811,Truck,11.6515,2,8.0,2.5
5.0,5,156.4504,Truck,11.7344,2,8.0,2.5
5.1,5,157.6217,Truck,11.6915,2,8.0,2.5
5.2,5,158.7906,Truck,11.6861,2,8.0,2.5
5.3,5,159.9618,Truck,11.7375,2,8.0,2.5
5.4,5,161.1363,Truck,11.7532,2,8.0,2.5
5.5,5,162.3111,Truck,11.7426,2,8.0,2.5
5.6,5,163.4883,Truck,11.8022,2,8.0,2.5
5.7,5,164.666,Truck,11.752,2,8.0,2.5
5.8,5,165.8434,Truck,11.796,2,8.0,2.5
5.9,5,167.0236,Truck,11.8073,2,8.0,2.5
6.0,5,168.206,Truck,11.8407,2,8.0,2.5
6.1,5,169.3914,Truck,11.8682,2,8.0,2.5
6.2,5,170.5772,Truck,11.8477,2,8.0,2.5
6.3,5,171.7655,Truck,11.9179,2,8.0,2.5
6.4,5,172.9572,Truck,11.9163,2,8.0,2.5
6.5,5,174.1468,Truck,11.8758,2,8.0,2.5
6.6,5,175.3352,Truck,11.8917,2,8.0,2.5
6.7,5,176.5282,Truck,11.9677,2,8.0,2.5
6.8,5,177.7255,Truck,11.9785,2,8.0,2.5
6.9,5,178.9243,Truck,11.9985,2,8.0,2.5
7.0,5,180.1251,Truck,12.0165,2,8.0,2.5
7.1,5,181.3279,Truck,12.0391,2,8.0,2.5
7.2,5,182.5336,Truck,12.0748,2,8.0,2.5
7.3,5,183.7386,Truck,12.0262,2,8.0,2.5
7.4,5,184.9417,Truck,12.0365,2,8.0,2.5
7.5,5,186.1461,Truck,12.0499,2,8.0,2.5
7.6,5,187.3536,Truck,12.1013,2,8.0,2.5
7.7,5,188.5656,Truck,12.1388,2,8.0,2.5
7.8,5,189.7774,Truck,12.0962,2,8.0,2.5
7.9,5,190.9842,Truck,12.0407,2,8.0,2.5
8.0,5,192.1898,Truck,12.07,2,8.0,2.5
8.1,5,193.3983,Truck,12.1004,2,8.0,2.5
8.2,5,194.6089,Truck,12.1119,2,8.0,2.5
8.3,5,195.8204,Truck,12.1186,2,8.0,2.5
8.4,5,197.033,Truck,12.1333,2,8.0,2.5
8.5,5,198.2459,Truck,12.1231,2,8.0,2.5
8.6,5,199.4602,Truck,12.1635,2,8.0,2.5
8.7,5,200.6739,Truck,12.1105,2,8.0,2.5
8.8,5,201.8846,Truck,12.103,2,8.0,2.5
8.9,5,203.0968,Truck,12.1409,2,8.0,2.5
9.0,5,204.3077,Truck,12.0777,2,8.0,2.5
9.1,5,205.5182,Truck,12.1323,2,8.0,2.5
9.2,5,206.7308,Truck,12.1205,2,8.0,2.5
9.3,5,207.9423,Truck,12.1096,2,8.0,2.5
9.4,5,209.1557,Truck,12.1585,2,8.0,2.5
9.5,5,210.3681,Truck,12.0892,2,8.0,2.5
9.6,5,211.5809,Truck,12.167,2,8.0,2.5
9.7,5,212.7941,Truck,12.0962,2,8.0,2.5
9.8,5,214.002,Truck,12.0631,2,8.0,2.5
9.9,5,215.2103,Truck,12.1027,2,8.0,2.5
10.0,5,216.4189,Truck,12.0684,2,8.0,2.5
10.1,5,217.6263,Truck,12.0792,2,8.0,2.5
10.2,5,218.836,Truck,12.1158,2,8.0,2.5
10.3,5,220.048,Truck,12.124,2,8.0,2.5
10.4,5,221.2589,Truck,12.0934,2,8.0,2.5
10.5,5,222.4709,Truck,12.1479,2,8.0,2.5
10.6,5,223.6864,Truck,12.1607,2,8.0,2.5
10.7,5,224.9033,Truck,12.1784,2,8.0,2.5
10.8,5,226.1204,Truck,12.1622,2,8.0,2.5
10.9,5,227.3385,Truck,12.1999,2,8.0,2.5
11.0,5,228.5543,Truck,12.117,2,8.0,2.5
11.1,5,229.7692,Truck,12.1802,2,8.0,2.5
11.2,5,230.9873,Truck,12.1818,2,8.0,2.5
11.3,5,232.2079,Truck,12.2313,2,8.0,2.5
11.4,5,233.4311,Truck,12.2323,2,8.0,2.5
11.5,5,234.6561,Truck,12.268,2,8.0,2.5
11.6,5,235.8872,Truck,12.3548,2,8.0,2.5
11.7,5,237.121,Truck,12.3203,2,8.0,2.5
11.8,5,238.3553,Truck,12.3665,2,8.0,2.5
11.9,5,239.5925,Truck,12.3774,2,8.0,2.5
12.0,5,240.8323,Truck,12.4185,2,8.0,2.5
12.1,5,242.0757,Truck,12.4497,2,8.0,2.5
12.2,5,243.3231,Truck,12.4976,2,8.0,2.5
12.3,5,244.5757,Truck,12.5549,2,8.0,2.5
12.4,5,245.8338,Truck,12.6063,2,8.0,2.5
12.5,5,247.0943,Truck,12.604,2,8.0,2.5
12.6,5,248.3571,Truck,12.651,2,8.0,2.5
12.7,5,249.6215,Truck,12.6381,2,8.0,2.5
12.8,5,250.8889,Truck,12.7098,2,8.0,2.5
12.9,5,252.1635,Truck,12.7809,2,8.0,2.5
13.0,5,253.4434,Truck,12.819,2,8.0,2.5
13.1,5,254.7264,Truck,12.8397,2,8.0,2.5
13.2,5,256.0134,Truck,12.9001,2,8.0,2.5
13.3,5,257.3048,Truck,12.9281,2,8.0,2.5
13.4,5,258.6006,Truck,12.9887,2,8.0,2.5
13.5,5,259.9,Truck,13.0,2,8.0,2.5
13.6,5,261.201,Truck,13.0184,2,8.0,2.5
13.7,5,262.5057,Truck,13.076,2,8.0,2.5
13.8,5,263.8102,Truck,13.0136,2,8.0,2.5
13.9,5,265.1182,Truck,13.1473,2,8.0,2.5
14.0,5,266.4285,Truck,13.0591,2,8.0,2.5
14.1,5,267.7389,Truck,13.148,2,8.0,2.5
14.2,5,269.0584,Truck,13.2427,2,8.0,2.5
14.3,5,270.3841,Truck,13.271,2,8.0,2.5
14.4,5,271.71,Truck,13.2474,2,8.0,2.5
14.5,5,273.0366,Truck,13.2843,2,8.0,2.5
14.6,5,274.3692,Truck,13.368,2,8.0,2.5
14.7,5,275.7042,Truck,13.3314,2,8.0,2.5
14.8,5,277.0422,Truck,13.4298,2,8.0,2.5
14.9,5,278.3826,Truck,13.3768,2,8.0,2.5
15.0,5,279.7215,Truck,13.4009,2,8.0,2.5
15.1,5,281.0638,Truck,13.4465,2,8.0,2.5
15.2,5,282.4066,Truck,13.4089,2,8.0,2.5
15.3,5,283.746,Truck,13.3793,2,8.0,2.5
15.4,5,285.0854,Truck,13.4081,2,8.0,2.5
15.5,5,286.4263,Truck,13.4099,2,8.0,2.5
15.6,5,287.7651,Truck,13.3672,2,8.0,2.5
15.7,5,289.1033,Truck,13.3953,2,8.0,2.5
15.8,5,290.4417,Truck,13.3733,2,8.0,2.5
15.9,5,291.781,Truck,13.4137,2,8.0,2.5
16.0,5,293.1205,Truck,13.3753,2,8.0,2.5
16.1,5,294.4569,Truck,13.3521,2,8.0,2.5
16.2,5,295.7916,Truck,13.3418,2,8.0,2.5
16.3,5,297.1254,Truck,13.3343,2,8.0,2.5
16.4,5,298.4584,Truck,13.3271,2,8.0,2.5
16.5,5,299.7877,Truck,13.2582,2,8.0,2.5
16.6,5,301.1124,Truck,13.235,2,8.0,2.5
16.7,5,302.4379,Truck,13.2764,2,8.0,2.5
16.8,5,303.7621,Truck,13.2067,2,8.0,2.5
16.9,5,305.08,Truck,13.1516,2,8.0,2.5
17.0,5,306.3967,Truck,13.1816,2,8.0,2.5
17.1,5,307.7135,Truck,13.1558,2,8.0,2.5
17.2,5,309.0248,Truck,13.0692,2,8.0,2.5
17.3,5,310.333,Truck,13.0949,2,8.0,2.5
17.4,5,311.6419,Truck,13.0828,2,8.0,2.5
17.5,5,312.9482,Truck,13.0448,2,8.0,2.5
17.6,5,314.2518,Truck,13.0255,2,8.0,2.5
17.7,5,315.5499,Truck,12.9377,2,8.0,2.5
17.8,5,316.845,Truck,12.9636,2,8.0,2.5
17.9,5,318.1391,Truck,12.9189,2,8.0,2.5
18.0,5,319.4295,Truck,12.8885,2,8.0,2.5
18.1,5,320.7192,Truck,12.905,2,8.0,2.5
18.2,5,322.0094,Truck,12.9,2,8.0,2.5
18.3,5,323.2988,Truck,12.8872,2,8.0,2.5
18.4,5,324.5857,Truck,12.8516,2,8.0,2.5
18.5,5,325.8677,Truck,12.7889,2,8.0,2.5
18.6,5,327.1464,Truck,12.784,2,8.0,2.5
18.7,5,328.4245,Truck,12.7788,2,8.0,2.5
18.8,5,329.7006,Truck,12.7432,2,8.0,2.5
18.9,5,330.9742,Truck,12.7285,2,8.0,2.5
19.0,5,332.2474,Truck,12.7356,2,8.0,2.5
19.1,5,333.519,Truck,12.6968,2,8.0,2.5
19.2,5,334.7871,Truck,12.6656,2,8.0,2.5
19.3,5,336.0537,Truck,12.6653,2,8.0,2.5
19.4,5,337.3214,Truck,12.6881,2,8.0,2.5
19.5,5,338.5889,Truck,12.6618,2,8.0,2.5
19.6,5,339.8552,Truck,12.6656,2,8.0,2.5
19.7,5,341.122,Truck,12.6702,2,8.0,2.5
19.8,5,342.3873,Truck,12.6345,2,8.0,2.5
19.9,5,343.6522,Truck,12.6649,2,8.0,2.5
20.0,5,344.918,Truck,12.6509,2,8.0,2.5
0.0,6,140.0,Auto-Rickshaw,11.3776,3,3.0,1.5
0.1,6,141.1348,Auto-Rickshaw,11.3189,3,3.0,1.5
0.2,6,142.2649,Auto-Rickshaw,11.2816,3,3.0,1.5
0.3,6,143.3937,Auto-Rickshaw,11.2949,3,3.0,1.5
0.4,6,144.5228,Auto-Rickshaw,11.2883,3,3.0,1.5
0.5,6,145.6528,Auto-Rickshaw,11.3108,3,3.0,1.5
0.6,6,146.7828,Auto-Rickshaw,11.289,3,3.0,1.5
0.7,6,147.9109,Auto-Rickshaw,11.2727,3,3.0,1.5
0.8,6,149.0387,Auto-Rickshaw,11.2847,3,3.0,1.5
0.9,6,150.1658,Auto-Rickshaw,11.2572,3,3.0,1.5
1.0,6,151.2905,Auto-Rickshaw,11.2352,3,3.0,1.5
1.1,6,152.4129,Auto-Rickshaw,11.2144,3,3.0,1.5
1.2,6,153.5334,Auto-Rickshaw,11.1949,3,3.0,1.5
1.3,6,154.6474,Auto-Rickshaw,11.0854,3,3.0,1.5
1.4,6,155.7571,Auto-Rickshaw,11.1079,3,3.0,1.5
1.5,6,156.8636,Auto-Rickshaw,11.0218,3,3.0,1.5
1.6,6,157.9674,Auto-Rickshaw,11.0549,3,3.0,1.5
1.7,6,159.0711,Auto-Rickshaw,11.0186,3,3.0,1.5
1.8,6,160.1727,Auto-Rickshaw,11.0136,3,3.0,1.5
1.9,6,161.2724,Auto-Rickshaw,10.98,3,3.0,1.5
2.0,6,162.3669,Auto-Rickshaw,10.9114,3,3.0,1.5
2.1,6,163.455,Auto-Rickshaw,10.8502,3,3.0,1.5
2.2,6,164.5395,Auto-Rickshaw,10.8388,3,3.0,1.5
2.3,6,165.6197,Auto-Rickshaw,10.7667,3,3.0,1.5
2.4,6,166.6951,Auto-Rickshaw,10.7403,3,3.0,1.5
2.5,6,167.7685,Auto-Rickshaw,10.7273,3,3.0,1.5
2.6,6,168.8368,Auto-Rickshaw,10.6382,3,3.0,1.5
2.7,6,169.9005,Auto-Rickshaw,10.6363,3,3.0,1.5
2.8,6,170.9618,Auto-Rickshaw,10.5899,3,3.0,1.5
2.9,6,172.0162,Auto-Rickshaw,10.4986,3,3.0,1.5
3.0,6,173.0669,Auto-Rickshaw,10.5147,3,3.0,1.5
3.1,6,174.1159,Auto-Rickshaw,10.4653,3,3.0,1.5
3.2,6,175.1595,Auto-Rickshaw,10.4071,3,3.0,1.5
3.3,6,176.1969,Auto-Rickshaw,10.3418,3,3.0,1.5
3.4,6,177.2291,Auto-Rickshaw,10.3007,3,3.0,1.5
3.5,6,178.2578,Auto-Rickshaw,10.2734,3,3.0,1.5
3.6,6,179.2849,Auto-Rickshaw,10.2703,3,3.0,1.5
3.7,6,180.308,Auto-Rickshaw,10.1913,3,3.0,1.5
3.8,6,181.3276,Auto-Rickshaw,10.2006,3,3.0,1.5
3.9,6,182.3436,Auto-Rickshaw,10.1196,3,3.0,1.5
4.0,6,183.3557,Auto-Rickshaw,10.1218,3,3.0,1.5
4.1,6,184.367,Auto-Rickshaw,10.1041,3,3.0,1.5
4.2,6,185.3797,Auto-Rickshaw,10.149,3,3.0,1.5
4.3,6,186.3877,Auto-Rickshaw,10.0112,3,3.0,1.5
4.4,6,187.392,Auto-Rickshaw,10.0755,3,3.0,1.5
4.5,6,188.3966,Auto-Rickshaw,10.0168,3,3.0,1.5
4.6,6,189.3978,Auto-Rickshaw,10.0075,3,3.0,1.5
4.7,6,190.3974,Auto-Rickshaw,9.9837,3,3.0,1.5
4.8,6,191.3956,Auto-Rickshaw,9.9804,3,3.0,1.5
4.9,6,192.3922,Auto-Rickshaw,9.9514,3,3.0,1.5
5.0,6,193.3893,Auto-Rickshaw,9.9904,3,3.0,1.5
5.1,6,194.3851,Auto-Rickshaw,9.9259,3,3.0,1.5
5.2,6,195.3798,Auto-Rickshaw,9.9681,3,3.0,1.5
5.3,6,196.3737,Auto-Rickshaw,9.911,3,3.0,1.5
5.4,6,197.3656,Auto-Rickshaw,9.9265,3,3.0,1.5
5.5,6,198.3567,Auto-Rickshaw,9.8956,3,3.0,1.5
5.6,6,199.3486,Auto-Rickshaw,9.9423,3,3.0,1.5
5.7,6,200.3444,Auto-Rickshaw,9.9742,3,3.0,1.5
5.8,6,201.3397,Auto-Rickshaw,9.9319,3,3.0,1.5
5.9,6,202.333,Auto-Rickshaw,9.9329,3,3.0,1.5
6.0,6,203.3252,Auto-Rickshaw,9.9108,3,3.0,1.5
6.1,6,204.3179,Auto-Rickshaw,9.9436,3,3.0,1.5
6.2,6,205.3105,Auto-Rickshaw,9.9096,3,3.0,1.5
6.3,6,206.3029,Auto-Rickshaw,9.9375,3,3.0,1.5
6.4,6,207.2987,Auto-Rickshaw,9.9795,3,3.0,1.5
6.5,6,208.2987,Auto-Rickshaw,10.0204,3,3.0,1.5
6.6,6,209.3034,Auto-Rickshaw,10.0734,3,3.0,1.5
6.7,6,210.3061,Auto-Rickshaw,9.9797,3,3.0,1.5
6.8,6,211.3075,Auto-Rickshaw,10.0485,3,3.0,1.5
6.9,6,212.3109,Auto-Rickshaw,10.0205,3,3.0,1.5
7.0,6,213.3128,Auto-Rickshaw,10.0161,3,3.0,1.5
7.1,6,214.3156,Auto-Rickshaw,10.0406,3,3.0,1.5
7.2,6,215.3194,Auto-Rickshaw,10.0358,3,3.0,1.5
7.3,6,216.3234,Auto-Rickshaw,10.0429,3,3.0,1.5
7.4,6,217.3271,Auto-Rickshaw,10.0322,3,3.0,1.5
7.5,6,218.3291,Auto-Rickshaw,10.0065,3,3.0,1.5
7.6,6,219.3296,Auto-Rickshaw,10.0052,3,3.0,1.5
7.7,6,220.3335,Auto-Rickshaw,10.0731,3,3.0,1.5
7.8,6,221.3395,Auto-Rickshaw,10.0463,3,3.0,1.5
7.9,6,222.3437,Auto-Rickshaw,10.0367,3,3.0,1.5
8.0,6,223.3482,Auto-Rickshaw,10.0537,3,3.0,1.5
8.1,6,224.3546,Auto-Rickshaw,10.0751,3,3.0,1.5
8.2,6,225.361,Auto-Rickshaw,10.0534,3,3.0,1.5
8.3,6,226.3649,Auto-Rickshaw,10.0239,3,3.0,1.5
8.4,6,227.3699,Auto-Rickshaw,10.075,3,3.0,1.5
8.5,6,228.3776,Auto-Rickshaw,10.0792,3,3.0,1.5
8.6,6,229.3835,Auto-Rickshaw,10.0393,3,3.0,1.5
8.7,6,230.3877,Auto-Rickshaw,10.0454,3,3.0,1.5
8.8,6,231.3922,Auto-Rickshaw,10.0444,3,3.0,1.5
8.9,6,232.396,Auto-Rickshaw,10.0313,3,3.0,1.5
9.0,6,233.3978,Auto-Rickshaw,10.0054,3,3.0,1.5
9.1,6,234.3978,Auto-Rickshaw,9.994,3,3.0,1.5
9.2,6,235.3965,Auto-Rickshaw,9.9803,3,3.0,1.5
9.3,6,236.3915,Auto-Rickshaw,9.9201,3,3.0,1.5
9.4,6,237.3857,Auto-Rickshaw,9.9622,3,3.0,1.5
9.5,6,238.3782,Auto-Rickshaw,9.8887,3,3.0,1.5
9.6,6,239.3673,Auto-Rickshaw,9.8937,3,3.0,1.5
9.7,6,240.3593,Auto-Rickshaw,9.9451,3,3.0,1.5
9.8,6,241.3525,Auto-Rickshaw,9.92,3,3.0,1.5
9.9,6,242.345,Auto-Rickshaw,9.9288,3,3.0,1.5
10.0,6,243.3347,Auto-Rickshaw,9.866,3,3.0,1.5
10.1,6,244.3195,Auto-Rickshaw,9.8304,3,3.0,1.5
10.2,6,245.3035,Auto-Rickshaw,9.8494,3,3.0,1.5
10.3,6,246.2886,Auto-Rickshaw,9.8525,3,3.0,1.5
10.4,6,247.2735,Auto-Rickshaw,9.8458,3,3.0,1.5
10.5,6,248.2594,Auto-Rickshaw,9.8728,3,3.0,1.5
10.6,6,249.2443,Auto-Rickshaw,9.8247,3,3.0,1.5
10.7,6,250.2278,Auto-Rickshaw,9.8445,3,3.0,1.5
10.8,6,251.2102,Auto-Rickshaw,9.8043,3,3.0,1.5
10.9,6,252.1929,Auto-Rickshaw,9.8493,3,3.0,1.5
11.0,6,253.1773,Auto-Rickshaw,9.8395,3,3.0,1.5
11.1,6,254.1605,Auto-Rickshaw,9.8226,3,3.0,1.5
11.2,6,255.1439,Auto-Rickshaw,9.8456,3,3.0,1.5
11.3,6,256.129,Auto-Rickshaw,9.8568,3,3.0,1.5
11.4,6,257.1151,Auto-Rickshaw,9.866,3,3.0,1.5
11.5,6,258.1055,Auto-Rickshaw,9.9411,3,3.0,1.5
11.6,6,259.0976,Auto-Rickshaw,9.9011,3,3.0,1.5
11.7,6,260.0884,Auto-Rickshaw,9.9149,3,3.0,1.5
11.8,6,261.0781,Auto-Rickshaw,9.8796,3,3.0,1.5
11.9,6,262.069,Auto-Rickshaw,9.9382,3,3.0,1.5
12.0,6,263.065,Auto-Rickshaw,9.9817,3,3.0,1.5
12.1,6,264.0639,Auto-Rickshaw,9.9955,3,3.0,1.5
12.2,6,265.0679,Auto-Rickshaw,10.0861,3,3.0,1.5
12.3,6,266.0757,Auto-Rickshaw,10.0701,3,3.0,1.5
12.4,6,267.0865,Auto-Rickshaw,10.1459,3,3.0,1.5
12.5,6,268.101,Auto-Rickshaw,10.1431,3,3.0,1.5
12.6,6,269.117,Auto-Rickshaw,10.1779,3,3.0,1.5
12.7,6,270.1365,Auto-Rickshaw,10.2111,3,3.0,1.5
12.8,6,271.1597,Auto-Rickshaw,10.2522,3,3.0,1.5
12.9,6,272.1894,Auto-Rickshaw,10.3432,3,3.0,1.5
13.0,6,273.2197,Auto-Rickshaw,10.2627,3,3.0,1.5
13.1,6,274.2485,Auto-Rickshaw,10.3137,3,3.0,1.5
13.2,6,275.2842,Auto-Rickshaw,10.3997,3,3.0,1.5
13.3,6,276.3272,Auto-Rickshaw,10.4593,3,3.0,1.5
13.4,6,277.3763,Auto-Rickshaw,10.5228,3,3.0,1.5
13.5,6,278.4304,Auto-Rickshaw,10.5597,3,3.0,1.5
13.6,6,279.4873,Auto-Rickshaw,10.5775,3,3.0,1.5
13.7,6,280.5493,Auto-Rickshaw,10.663,3,3.0,1.5
13.8,6,281.6178,Auto-Rickshaw,10.7065,3,3.0,1.5
13.9,6,282.6893,Auto-Rickshaw,10.7237,3,3.0,1.5
14.0,6,283.7649,Auto-Rickshaw,10.789,3,3.0,1.5
14.1,6,284.8449,Auto-Rickshaw,10.8095,3,3.0,1.5
14.2,6,285.9266,Auto-Rickshaw,10.8247,3,3.0,1.5
14.3,6,287.0129,Auto-Rickshaw,10.9015,3,3.0,1.5
14.4,6,288.104,Auto-Rickshaw,10.9217,3,3.0,1.5
14.5,6,289.1979,Auto-Rickshaw,10.9548,3,3.0,1.5
14.6,6,290.2973,Auto-Rickshaw,11.0337,3,3.0,1.5
14.7,6,291.3964,Auto-Rickshaw,10.9491,3,3.0,1.5
14.8,6,292.4944,Auto-Rickshaw,11.0114,3,3.0,1.5
14.9,6,293.5974,Auto-Rickshaw,11.0477,3,3.0,1.5
15.0,6,294.7048,Auto-Rickshaw,11.0999,3,3.0,1.5
15.1,6,295.8162,Auto-Rickshaw,11.1285,3,3.0,1.5
15.2,6,296.9283,Auto-Rickshaw,11.1141,3,3.0,1.5
15.3,6,298.0416,Auto-Rickshaw,11.1507,3,3.0,1.5
15.4,6,299.1578,Auto-Rickshaw,11.1732,3,3.0,1.5
15.5,6,300.2809,Auto-Rickshaw,11.2893,3,3.0,1.5
15.6,6,301.4095,Auto-Rickshaw,11.2838,3,3.0,1.5
15.7,6,302.5352,Auto-Rickshaw,11.2294,3,3.0,1.5
15.8,6,303.6587,Auto-Rickshaw,11.2405,3,3.0,1.5
15.9,6,304.7819,Auto-Rickshaw,11.2243,3,3.0,1.5
16.0,6,305.9035,Auto-Rickshaw,11.2068,3,3.0,1.5
16.1,6,307.027,Auto-Rickshaw,11.2636,3,3.0,1.5
16.2,6,308.1521,Auto-Rickshaw,11.2382,3,3.0,1.5
16.3,6,309.2772,Auto-Rickshaw,11.2646,3,3.0,1.5
16.4,6,310.4013,Auto-Rickshaw,11.2162,3,3.0,1.5
16.5,6,311.5239,Auto-Rickshaw,11.2365,3,3.0,1.5
16.6,6,312.6486,Auto-Rickshaw,11.2574,3,3.0,1.5
16.7,6,313.7743,Auto-Rickshaw,11.2558,3,3.0,1.5
16.8,6,314.8994,Auto-Rickshaw,11.2477,3,3.0,1.5
16.9,6,316.0211,Auto-Rickshaw,11.1846,3,3.0,1.5
17.0,6,317.1422,Auto-Rickshaw,11.2377,3,3.0,1.5
17.1,6,318.2628,Auto-Rickshaw,11.1748,3,3.0,1.5
17.2,6,319.3817,Auto-Rickshaw,11.2036,3,3.0,1.5
17.3,6,320.5004,Auto-Rickshaw,11.1693,3,3.0,1.5
17.4,6,321.6145,Auto-Rickshaw,11.1127,3,3.0,1.5
17.5,6,322.7265,Auto-Rickshaw,11.1283,3,3.0,1.5
17.6,6,323.8396,Auto-Rickshaw,11.1323,3,3.0,1.5
17.7,6,324.9523,Auto-Rickshaw,11.123,3,3.0,1.5
17.8,6,326.0626,Auto-Rickshaw,11.0836,3,3.0,1.5
17.9,6,327.1727,Auto-Rickshaw,11.117,3,3.0,1.5
18.0,6,328.2828,Auto-Rickshaw,11.0848,3,3.0,1.5
18.1,6,329.3885,Auto-Rickshaw,11.0307,3,3.0,1.5
18.2,6,330.4923,Auto-Rickshaw,11.0451,3,3.0,1.5
18.3,6,331.5978,Auto-Rickshaw,11.0655,3,3.0,1.5
18.4,6,332.7037,Auto-Rickshaw,11.0517,3,3.0,1.5
18.5,6,333.8034,Auto-Rickshaw,10.9423,3,3.0,1.5
18.6,6,334.8974,Auto-Rickshaw,10.9385,3,3.0,1.5
18.7,6,335.9943,Auto-Rickshaw,10.9989,3,3.0,1.5
18.8,6,337.0898,Auto-Rickshaw,10.9116,3,3.0,1.5
18.9,6,338.1801,Auto-Rickshaw,10.8937,3,3.0,1.5
19.0,6,339.2703,Auto-Rickshaw,10.9099,3,3.0,1.5
19.1,6,340.3622,Auto-Rickshaw,10.9293,3,3.0,1.5
19.2,6,341.4541,Auto-Rickshaw,10.907,3,3.0,1.5
19.3,6,342.5437,Auto-Rickshaw,10.885,3,3.0,1.5
19.4,6,343.6319,Auto-Rickshaw,10.8799,3,3.0,1.5
19.5,6,344.7197,Auto-Rickshaw,10.8755,3,3.0,1.5
19.6,6,345.8069,Auto-Rickshaw,10.8682,3,3.0,1.5
19.7,6,346.8984,Auto-Rickshaw,10.9618,3,3.0,1.5
19.8,6,347.9916,Auto-Rickshaw,10.902,3,3.0,1.5
19.9,6,349.0827,Auto-Rickshaw,10.9204,3,3.0,1.5
20.0,6,350.1727,Auto-Rickshaw,10.8805,3,3.0,1.5
0.0,7,90.0,Two-Wheeler,12.6128,3,2.0,0.8
0.1,7,91.2582,Two-Wheeler,12.5517,3,2.0,0.8
0.2,7,92.5152,Two-Wheeler,12.587,3,2.0,0.8
0.3,7,93.7731,Two-Wheeler,12.5712,3,2.0,0.8
0.4,7,95.0294,Two-Wheeler,12.5554,3,2.0,0.8
0.5,7,96.2864,Two-Wheeler,12.5848,3,2.0,0.8
0.6,7,97.5486,Two-Wheeler,12.6587,3,2.0,0.8
0.7,7,98.8124,Two-Wheeler,12.6166,3,2.0,0.8
0.8,7,100.076,Two-Wheeler,12.6563,3,2.0,0.8
0.9,7,101.3403,Two-Wheeler,12.6305,3,2.0,0.8
1.0,7,102.604,Two-Wheeler,12.6432,3,2.0,0.8
1.1,7,103.866,Two-Wheeler,12.5954,3,2.0,0.8
1.2,7,105.1278,Two-Wheeler,12.6421,3,2.0,0.8
1.3,7,106.3926,Two-Wheeler,12.6536,3,2.0,0.8
1.4,7,107.6564,Two-Wheeler,12.6212,3,2.0,0.8
1.5,7,108.9206,Two-Wheeler,12.6635,3,2.0,0.8
1.6,7,110.1874,Two-Wheeler,12.6736,3,2.0,0.8
1.7,7,111.4537,Two-Wheeler,12.6516,3,2.0,0.8
1.8,7,112.7187,Two-Wheeler,12.6477,3,2.0,0.8
1.9,7,113.9841,Two-Wheeler,12.6608,3,2.0,0.8
2.0,7,115.2529,Two-Wheeler,12.7157,3,2.0,0.8
2.1,7,116.5258,Two-Wheeler,12.7415,3,2.0,0.8
2.2,7,117.7993,Two-Wheeler,12.7284,3,2.0,0.8
2.3,7,119.0745,Two-Wheeler,12.7751,3,2.0,0.8
2.4,7,120.354,Two-Wheeler,12.8154,3,2.0,0.8
2.5,7,121.6369,Two-Wheeler,12.8426,3,2.0,0.8
2.6,7,122.9239,Two-Wheeler,12.898,3,2.0,0.8
2.7,7,124.2148,Two-Wheeler,12.9188,3,2.0,0.8
2.8,7,125.5048,Two-Wheeler,12.8811,3,2.0,0.8
2.9,7,126.7985,Two-Wheeler,12.9938,3,2.0,0.8
3.0,7,128.0962,Two-Wheeler,12.9608,3,2.0,0.8
3.1,7,129.3964,Two-Wheeler,13.0429,3,2.0,0.8
3.2,7,130.701,Two-Wheeler,13.0495,3,2.0,0.8
3.3,7,132.0071,Two-Wheeler,13.0721,3,2.0,0.8
3.4,7,133.3141,Two-Wheeler,13.068,3,2.0,0.8
3.5,7,134.6253,Two-Wheeler,13.1557,3,2.0,0.8
3.6,7,135.9408,Two-Wheeler,13.1533,3,2.0,0.8
3.7,7,137.2619,Two-Wheeler,13.2688,3,2.0,0.8
3.8,7,138.5916,Two-Wheeler,13.3252,3,2.0,0.8
3.9,7,139.9226,Two-Wheeler,13.2958,3,2.0,0.8
4.0,7,141.2559,Two-Wheeler,13.3688,3,2.0,0.8
4.1,7,142.5932,Two-Wheeler,13.3778,3,2.0,0.8
4.2,7,143.9331,Two-Wheeler,13.42,3,2.0,0.8
4.3,7,145.2791,Two-Wheeler,13.5009,3,2.0,0.8
4.4,7,146.6299,Two-Wheeler,13.5146,3,2.0,0.8
4.5,7,147.9859,Two-Wheeler,13.6051,3,2.0,0.8
4.6,7,149.3449,Two-Wheeler,13.5745,3,2.0,0.8
4.7,7,150.7063,Two-Wheeler,13.6538,3,2.0,0.8
4.8,7,152.072,Two-Wheeler,13.6602,3,2.0,0.8
4.9,7,153.4407,Two-Wheeler,13.7131,3,2.0,0.8
5.0,7,154.8116,Two-Wheeler,13.7061,3,2.0,0.8
5.1,7,156.1842,Two-Wheeler,13.7465,3,2.0,0.8
5.2,7,157.5601,Two-Wheeler,13.7711,3,2.0,0.8
5.3,7,158.9374,Two-Wheeler,13.774,3,2.0,0.8
5.4,7,160.3181,Two-Wheeler,13.8413,3,2.0,0.8
5.5,7,161.7033,Two-Wheeler,13.8611,3,2.0,0.8
5.6,7,163.0902,Two-Wheeler,13.8772,3,2.0,0.8
5.7,7,164.4801,Two-Wheeler,13.921,3,2.0,0.8
5.8,7,165.8727,Two-Wheeler,13.9315,3,2.0,0.8
5.9,7,167.2637,Two-Wheeler,13.8874,3,2.0,0.8
6.0,7,168.6539,Two-Wheeler,13.918,3,2.0,0.8
6.1,7,170.0445,Two-Wheeler,13.8939,3,2.0,0.8
6.2,7,171.435,Two-Wheeler,13.9165,3,2.0,0.8
6.3,7,172.8258,Two-Wheeler,13.8986,3,2.0,0.8
6.4,7,174.2189,Two-Wheeler,13.9635,3,2.0,0.8
6.5,7,175.6132,Two-Wheeler,13.9218,3,2.0,0.8
6.6,7,177.0042,Two-Wheeler,13.898,3,2.0,0.8
6.7,7,178.3957,Two-Wheeler,13.9318,3,2.0,0.8
6.8,7,179.7832,Two-Wheeler,13.8201,3,2.0,0.8
6.9,7,181.1649,Two-Wheeler,13.812,3,2.0,0.8
7.0,7,182.5495,Two-Wheeler,13.8815,3,2.0,0.8
7.1,7,183.9357,Two-Wheeler,13.8427,3,2.0,0.8
7.2,7,185.3194,Two-Wheeler,13.8301,3,2.0,0.8
7.3,7,186.699,Two-Wheeler,13.7628,3,2.0,0.8
7.4,7,188.0762,Two-Wheeler,13.7804,3,2.0,0.8
7.5,7,189.4561,Two-Wheeler,13.8184,3,2.0,0.8
7.6,7,190.835,Two-Wheeler,13.7591,3,2.0,0.8
7.7,7,192.2087,Two-Wheeler,13.7145,3,2.0,0.8
7.8,7,193.5779,Two-Wheeler,13.6703,3,2.0,0.8
7.9,7,194.9437,Two-Wheeler,13.6451,3,2.0,0.8
8.0,7,196.3042,Two-Wheeler,13.566,3,2.0,0.8
8.1,7,197.663,Two-Wheeler,13.6101,3,2.0,0.8
8.2,7,199.0235,Two-Wheeler,13.6,3,2.0,0.8
8.3,7,200.3785,Two-Wheeler,13.4996,3,2.0,0.8
8.4,7,201.7285,Two-Wheeler,13.4993,3,2.0,0.8
8.5,7,203.0763,Two-Wheeler,13.4569,3,2.0,0.8
8.6,7,204.4209,Two-Wheeler,13.4356,3,2.0,0.8
8.7,7,205.7647,Two-Wheeler,13.4395,3,2.0,0.8
8.8,7,207.1041,Two-Wheeler,13.3493,3,2.0,0.8
8.9,7,208.4418,Two-Wheeler,13.405,3,2.0,0.8
9.0,7,209.7813,Two-Wheeler,13.3847,3,2.0,0.8
9.1,7,211.1171,Two-Wheeler,13.3311,3,2.0,0.8
9.2,7,212.4457,Two-Wheeler,13.2417,3,2.0,0.8
9.3,7,213.7711,Two-Wheeler,13.2649,3,2.0,0.8
9.4,7,215.0999,Two-Wheeler,13.3116,3,2.0,0.8
9.5,7,216.4241,Two-Wheeler,13.1724,3,2.0,0.8
9.6,7,217.7441,Two-Wheeler,13.2276,3,2.0,0.8
9.7,7,219.0648,Two-Wheeler,13.1863,3,2.0,0.8
9.8,7,220.3857,Two-Wheeler,13.2308,3,2.0,0.8
9.9,7,221.7058,Two-Wheeler,13.1727,3,2.0,0.8
10.0,7,223.0241,Two-Wheeler,13.1927,3,2.0,0.8
10.1,7,224.3431,Two-Wheeler,13.1864,3,2.0,0.8
10.2,7,225.6631,Two-Wheeler,13.2147,3,2.0,0.8
10.3,7,226.9811,Two-Wheeler,13.1449,3,2.0,0.8
10.4,7,228.2961,Two-Wheeler,13.1548,3,2.0,0.8
10.5,7,229.6085,Two-Wheeler,13.0927,3,2.0,0.8
10.6,7,230.9215,Two-Wheeler,13.1676,3,2.0,0.8
10.7,7,232.2351,Two-Wheeler,13.1047,3,2.0,0.8
10.8,7,233.5457,Two-Wheeler,13.1071,3,2.0,0.8
10.9,7,234.8571,Two-Wheeler,13.1205,3,2.0,0.8
11.0,7,236.1667,Two-Wheeler,13.0721,3,2.0,0.8
11.1,7,237.4765,Two-Wheeler,13.1242,3,2.0,0.8
11.2,7,238.79,Two-Wheeler,13.1451,3,2.0,0.8
11.3,7,240.1034,Two-Wheeler,13.1239,3,2.0,0.8
11.4,7,241.413,Two-Wheeler,13.0666,3,2.0,0.8
11.5,7,242.7218,Two-Wheeler,13.1098,3,2.0,0.8
11.6,7,244.034,Two-Wheeler,13.1348,3,2.0,0.8
11.7,7,245.3435,Two-Wheeler,13.055,3,2.0,0.8
11.8,7,246.6501,Two-Wheeler,13.0776,3,2.0,0.8
11.9,7,247.9607,Two-Wheeler,13.1341,3,2.0,0.8
12.0,7,249.2731,Two-Wheeler,13.1132,3,2.0,0.8
12.1,7,250.5844,Two-Wheeler,13.114,3,2.0,0.8
12.2,7,251.8978,Two-Wheeler,13.1531,3,2.0,0.8
12.3,7,253.2108,Two-Wheeler,13.1062,3,2.0,0.8
12.4,7,254.5213,Two-Wheeler,13.1055,3,2.0,0.8
12.5,7,255.8346,Two-Wheeler,13.1596,3,2.0,0.8
12.6,7,257.1457,Two-Wheeler,13.0632,3,2.0,0.8
12.7,7,258.4507,Two-Wheeler,13.0356,3,2.0,0.8
12.8,7,259.7555,Two-Wheeler,13.0609,3,2.0,0.8
12.9,7,261.061,Two-Wheeler,13.0484,3,2.0,0.8
13.0,7,262.3636,Two-Wheeler,13.0051,3,2.0,0.8
13.1,7,263.6626,Two-Wheeler,12.9741,3,2.0,0.8
13.2,7,264.9642,Two-Wheeler,13.057,3,2.0,0.8
13.3,7,266.2659,Two-Wheeler,12.9786,3,2.0,0.8
13.4,7,267.5612,Two-Wheeler,12.9265,3,2.0,0.8
13.5,7,268.8552,Two-Wheeler,12.954,3,2.0,0.8
13.6,7,270.1479,Two-Wheeler,12.8999,3,2.0,0.8
13.7,7,271.4365,Two-Wheeler,12.8709,3,2.0,0.8
13.8,7,272.7235,Two-Wheeler,12.8692,3,2.0,0.8
13.9,7,274.0062,Two-Wheeler,12.7862,3,2.0,0.8
14.0,7,275.2859,Two-Wheeler,12.8069,3,2.0,0.8
14.1,7,276.5674,Two-Wheeler,12.824,3,2.0,0.8
14.2,7,277.8461,Two-Wheeler,12.7498,3,2.0,0.8
14.3,7,279.1183,Two-Wheeler,12.693,3,2.0,0.8
14.4,7,280.3857,Two-Wheeler,12.6566,3,2.0,0.8
14.5,7,281.6499,Two-Wheeler,12.6265,3,2.0,0.8
14.6,7,282.9111,Two-Wheeler,12.5977,3,2.0,0.8
14.7,7,284.169,Two-Wheeler,12.5601,3,2.0,0.8
14.8,7,285.4253,Two-Wheeler,12.5649,3,2.0,0.8
14.9,7,286.6761,Two-Wheeler,12.4513,3,2.0,0.8
15.0,7,287.9234,Two-Wheeler,12.4952,3,2.0,0.8
15.1,7,289.1694,Two-Wheeler,12.4243,3,2.0,0.8
15.2,7,290.4113,Two-Wheeler,12.4137,3,2.0,0.8
15.3,7,291.6488,Two-Wheeler,12.336,3,2.0,0.8
15.4,7,292.8844,Two-Wheeler,12.3778,3,2.0,0.8
15.5,7,294.1206,Two-Wheeler,12.3445,3,2.0,0.8
15.6,7,295.3531,Two-Wheeler,12.3061,3,2.0,0.8
15.7,7,296.5786,Two-Wheeler,12.2033,3,2.0,0.8
15.8,7,297.801,Two-Wheeler,12.2465,3,2.0,0.8
15.9,7,299.0238,Two-Wheeler,12.2082,3,2.0,0.8
16.0,7,300.2404,Two-Wheeler,12.1241,3,2.0,0.8
16.1,7,301.4541,Two-Wheeler,12.1495,3,2.0,0.8
16.2,7,302.6686,Two-Wheeler,12.141,3,2.0,0.8
16.3,7,303.8821,Two-Wheeler,12.1288,3,2.0,0.8
16.4,7,305.0936,Two-Wheeler,12.1015,3,2.0,0.8
16.5,7,306.3032,Two-Wheeler,12.0913,3,2.0,0.8
16.6,7,307.5136,Two-Wheeler,12.1155,3,2.0,0.8
16.7,7,308.7243,Two-Wheeler,12.0991,3,2.0,0.8
16.8,7,309.9278,Two-Wheeler,11.9699,3,2.0,0.8
16.9,7,311.1284,Two-Wheeler,12.0424,3,2.0,0.8
17.0,7,312.3328,Two-Wheeler,12.0455,3,2.0,0.8
17.1,7,313.535,Two-Wheeler,11.9989,3,2.0,0.8
17.2,7,314.7378,Two-Wheeler,12.0578,3,2.0,0.8
17.3,7,315.9456,Two-Wheeler,12.0986,3,2.0,0.8
17.4,7,317.1524,Two-Wheeler,12.037,3,2.0,0.8
17.5,7,318.3588,Two-Wheeler,12.0907,3,2.0,0.8
17.6,7,319.5667,Two-Wheeler,12.0665,3,2.0,0.8
17.7,7,320.7745,Two-Wheeler,12.0894,3,2.0,0.8
17.8,7,321.9875,Two-Wheeler,12.1718,3,2.0,0.8
17.9,7,323.2027,Two-Wheeler,12.1312,3,2.0,0.8
18.0,7,324.4184,Two-Wheeler,12.1834,3,2.0,0.8
18.1,7,325.6345,Two-Wheeler,12.1374,3,2.0,0.8
18.2,7,326.8551,Two-Wheeler,12.2751,3,2.0,0.8
18.3,7,328.0821,Two-Wheeler,12.2647,3,2.0,0.8
18.4,7,329.3088,Two-Wheeler,12.2701,3,2.0,0.8
18.5,7,330.5385,Two-Wheeler,12.3232,3,2.0,0.8
18.6,7,331.7694,Two-Wheeler,12.2951,3,2.0,0.8
18.7,7,333.0044,Two-Wheeler,12.4055,3,2.0,0.8
18.8,7,334.2444,Two-Wheeler,12.3938,3,2.0,0.8
18.9,7,335.4857,Two-Wheeler,12.4316,3,2.0,0.8
19.0,7,336.7301,Two-Wheeler,12.4577,3,2.0,0.8
19.1,7,337.9775,Two-Wheeler,12.4902,3,2.0,0.8
19.2,7,339.2302,Two-Wheeler,12.5639,3,2.0,0.8
19.3,7,340.4877,Two-Wheeler,12.5862,3,2.0,0.8
19.4,7,341.7487,Two-Wheeler,12.6335,3,2.0,0.8
19.5,7,343.0128,Two-Wheeler,12.6488,3,2.0,0.8
19.6,7,344.2802,Two-Wheeler,12.6992,3,2.0,0.8
19.7,7,345.5504,Two-Wheeler,12.7054,3,2.0,0.8
19.8,7,346.8266,Two-Wheeler,12.8183,3,2.0,0.8
19.9,7,348.1044,Two-Wheeler,12.737,3,2.0,0.8
20.0,7,349.3839,Two-Wheeler,12.8536,3,2.0,0.8
0.0,8,45.0,Car,12.7681,3,5.0,2.0
0.1,8,46.2812,Car,12.8563,3,5.0,2.0
0.2,8,47.5647,Car,12.8128,3,5.0,2.0
0.3,8,48.8455,Car,12.8033,3,5.0,2.0
0.4,8,50.1238,Car,12.7639,3,5.0,2.0
0.5,8,51.3992,Car,12.7432,3,5.0,2.0
0.6,8,52.6727,Car,12.7277,3,5.0,2.0
0.7,8,53.9455,Car,12.7277,3,5.0,2.0
0.8,8,55.2188,Car,12.7377,3,5.0,2.0
0.9,8,56.4896,Car,12.6786,3,5.0,2.0
1.0,8,57.7546,Car,12.6211,3,5.0,2.0
1.1,8,59.018,Car,12.6464,3,5.0,2.0
1.2,8,60.2813,Car,12.6205,3,5.0,2.0
1.3,8,61.5414,Car,12.5818,3,5.0,2.0
1.4,8,62.7981,Car,12.5519,3,5.0,2.0
1.5,8,64.0501,Car,12.4871,3,5.0,2.0
1.6,8,65.296,Car,12.4315,3,5.0,2.0
1.7,8,66.5374,Car,12.396,3,5.0,2.0
1.8,8,67.7739,Car,12.3343,3,5.0,2.0
1.9,8,69.0081,Car,12.3506,3,5.0,2.0
2.0,8,70.2407,Car,12.3002,3,5.0,2.0
2.1,8,71.4681,Car,12.2479,3,5.0,2.0
2.2,8,72.687,Car,12.1301,3,5.0,2.0
2.3,8,73.9004,Car,12.1385,3,5.0,2.0
2.4,8,75.1156,Car,12.1664,3,5.0,2.0
2.5,8,76.3274,Car,12.0695,3,5.0,2.0
2.6,8,77.5337,Car,12.057,3,5.0,2.0
2.7,8,78.7347,Car,11.9614,3,5.0,2.0
2.8,8,79.9329,Car,12.0036,3,5.0,2.0
2.9,8,81.1288,Car,11.9139,3,5.0,2.0
3.0,8,82.3188,Car,11.8855,3,5.0,2.0
3.1,8,83.5083,Car,11.906,3,5.0,2.0
3.2,8,84.6957,Car,11.8422,3,5.0,2.0
3.3,8,85.8753,Car,11.7491,3,5.0,2.0
3.4,8,87.0479,Car,11.7035,3,5.0,2.0
3.5,8,88.2169,Car,11.6759,3,5.0,2.0
3.6,8,89.384,Car,11.6669,3,5.0,2.0
3.7,8,90.5482,Car,11.616,3,5.0,2.0
3.8,8,91.7078,Car,11.5767,3,5.0,2.0
3.9,8,92.8668,Car,11.6038,3,5.0,2.0
4.0,8,94.0235,Car,11.5295,3,5.0,2.0
4.1,8,95.1788,Car,11.5771,3,5.0,2.0
4.2,8,96.3321,Car,11.488,3,5.0,2.0
4.3,8,97.4824,Car,11.5181,3,5.0,2.0
4.4,8,98.6311,Car,11.4566,3,5.0,2.0
4.5,8,99.7769,Car,11.4582,3,5.0,2.0
4.6,8,100.9194,Car,11.3932,3,5.0,2.0
4.7,8,102.0579,Car,11.3769,3,5.0,2.0
4.8,8,103.1971,Car,11.406,3,5.0,2.0
4.9,8,104.3381,Car,11.4136,3,5.0,2.0
5.0,8,105.4777,Car,11.3788,3,5.0,2.0
5.1,8,106.6134,Car,11.3346,3,5.0,2.0
5.2,8,107.7466,Car,11.3297,3,5.0,2.0
5.3,8,108.8794,Car,11.3268,3,5.0,2.0
5.4,8,110.0116,Car,11.3173,3,5.0,2.0
5.5,8,111.1463,Car,11.3758,3,5.0,2.0
5.6,8,112.2855,Car,11.4099,3,5.0,2.0
5.7,8,113.4251,Car,11.3807,3,5.0,2.0
5.8,8,114.5601,Car,11.3194,3,5.0,2.0
5.9,8,115.6955,Car,11.3886,3,5.0,2.0
6.0,8,116.8348,Car,11.3974,3,5.0,2.0
6.1,8,117.9784,Car,11.4739,3,5.0,2.0
6.2,8,119.1209,Car,11.3767,3,5.0,2.0
6.3,8,120.2606,Car,11.4185,3,5.0,2.0
6.4,8,121.4062,Car,11.4916,3,5.0,2.0
6.5,8,122.5539,Car,11.4643,3,5.0,2.0
6.6,8,123.7011,Car,11.4781,3,5.0,2.0
6.7,8,124.8487,Car,11.4749,3,5.0,2.0
6.8,8,125.997,Car,11.4915,3,5.0,2.0
6.9,8,127.1473,Car,11.5147,3,5.0,2.0
7.0,8,128.2969,Car,11.4764,3,5.0,2.0
7.1,8,129.4475,Car,11.5358,3,5.0,2.0
7.2,8,130.5981,Car,11.4764,3,5.0,2.0
7.3,8,131.7487,Car,11.5349,3,5.0,2.0
7.4,8,132.9023,Car,11.5369,3,5.0,2.0
7.5,8,134.0551,Car,11.5187,3,5.0,2.0
7.6,8,135.2081,Car,11.5412,3,5.0,2.0
7.7,8,136.3615,Car,11.5269,3,5.0,2.0
7.8,8,137.5136,Car,11.516,3,5.0,2.0
7.9,8,138.6664,Car,11.5391,3,5.0,2.0
8.0,8,139.8192,Car,11.5171,3,5.0,2.0
8.1,8,140.973,Car,11.5593,3,5.0,2.0
8.2,8,142.1266,Car,11.5134,3,5.0,2.0
8.3,8,143.2806,Car,11.5665,3,5.0,2.0
8.4,8,144.4342,Car,11.5059,3,5.0,2.0
8.5,8,145.5855,Car,11.5196,3,5.0,2.0
8.6,8,146.7371,Car,11.5123,3,5.0,2.0
8.7,8,147.8909,Car,11.5643,3,5.0,2.0
8.8,8,149.0455,Car,11.5272,3,5.0,2.0
8.9,8,150.197,Car,11.503,3,5.0,2.0
9.0,8,151.348,Car,11.5158,3,5.0,2.0
9.1,8,152.4952,Car,11.4287,3,5.0,2.0
9.2,8,153.6407,Car,11.4813,3,5.0,2.0
9.3,8,154.7914,Car,11.533,3,5.0,2.0
9.4,8,155.9414,Car,11.4674,3,5.0,2.0
9.5,8,157.0876,Car,11.4558,3,5.0,2.0
9.6,8,158.2334,Car,11.4608,3,5.0,2.0
9.7,8,159.3795,Car,11.4621,3,5.0,2.0
9.8,8,160.521,Car,11.3666,3,5.0,2.0
9.9,8,161.6577,Car,11.3679,3,5.0,2.0
10.0,8,162.797,Car,11.4173,3,5.0,2.0
10.1,8,163.937,Car,11.383,3,5.0,2.0
10.2,8,165.078,Car,11.4383,3,5.0,2.0
10.3,8,166.2192,Car,11.3851,3,5.0,2.0
10.4,8,167.3551,Car,11.3334,3,5.0,2.0
10.5,8,168.4894,Car,11.3516,3,5.0,2.0
10.6,8,169.6223,Car,11.3069,3,5.0,2.0
10.7,8,170.7569,Car,11.3837,3,5.0,2.0
10.8,8,171.8954,Car,11.3881,3,5.0,2.0
10.9,8,173.0341,Car,11.3858,3,5.0,2.0
11.0,8,174.1753,Car,11.4376,3,5.0,2.0
11.1,8,175.3197,Car,11.4497,3,5.0,2.0
11.2,8,176.4631,Car,11.4193,3,5.0,2.0
11.3,8,177.6027,Car,11.3729,3,5.0,2.0
11.4,8,178.7449,Car,11.4701,3,5.0,2.0
11.5,8,179.8926,Car,11.485,3,5.0,2.0
11.6,8,181.0417,Car,11.4964,3,5.0,2.0
11.7,8,182.1934,Car,11.5375,3,5.0,2.0
11.8,8,183.3451,Car,11.496,3,5.0,2.0
11.9,8,184.5007,Car,11.6162,3,5.0,2.0
12.0,8,185.6592,Car,11.5541,3,5.0,2.0
12.1,8,186.8186,Car,11.6342,3,5.0,2.0
12.2,8,187.9799,Car,11.5918,3,5.0,2.0
12.3,8,189.1419,Car,11.6469,3,5.0,2.0
12.4,8,190.3119,Car,11.7543,3,5.0,2.0
12.5,8,191.4865,Car,11.7366,3,5.0,2.0
12.6,8,192.6636,Car,11.8067,3,5.0,2.0
12.7,8,193.8453,Car,11.8269,3,5.0,2.0
12.8,8,195.0295,Car,11.8562,3,5.0,2.0
12.9,8,196.2193,Car,11.9407,3,5.0,2.0
13.0,8,197.4131,Car,11.9341,3,5.0,2.0
13.1,8,198.6062,Car,11.9298,3,5.0,2.0
13.2,8,199.8028,Car,12.0017,3,5.0,2.0
13.3,8,201.0072,Car,12.0853,3,5.0,2.0
13.4,8,202.2176,Car,12.1237,3,5.0,2.0
13.5,8,203.4292,Car,12.108,3,5.0,2.0
13.6,8,204.6434,Car,12.1763,3,5.0,2.0
13.7,8,205.8634,Car,12.2232,3,5.0,2.0
13.8,8,207.0882,Car,12.2718,3,5.0,2.0
13.9,8,208.3159,Car,12.283,3,5.0,2.0
14.0,8,209.5473,Car,12.346,3,5.0,2.0
14.1,8,210.7838,Car,12.3826,3,5.0,2.0
14.2,8,212.0262,Car,12.466,3,5.0,2.0
14.3,8,213.2747,Car,12.5042,3,5.0,2.0
14.4,8,214.5255,Car,12.5112,3,5.0,2.0
14.5,8,215.778,Car,12.5379,3,5.0,2.0
14.6,8,217.0342,Car,12.5861,3,5.0,2.0
14.7,8,218.2928,Car,12.5879,3,5.0,2.0
14.8,8,219.5526,Car,12.6065,3,5.0,2.0
14.9,8,220.8148,Car,12.6391,3,5.0,2.0
15.0,8,222.0804,Car,12.6726,3,5.0,2.0
15.1,8,223.348,Car,12.6789,3,5.0,2.0
15.2,8,224.6189,Car,12.7386,3,5.0,2.0
15.3,8,225.8945,Car,12.7732,3,5.0,2.0
15.4,8,227.1691,Car,12.719,3,5.0,2.0
15.5,8,228.4441,Car,12.7804,3,5.0,2.0
15.6,8,229.7223,Car,12.7836,3,5.0,2.0
15.7,8,231.0019,Car,12.8088,3,5.0,2.0
15.8,8,232.2825,Car,12.8042,3,5.0,2.0
15.9,8,233.561,Car,12.7647,3,5.0,2.0
16.0,8,234.8378,Car,12.772,3,5.0,2.0
16.1,8,236.1169,Car,12.8101,3,5.0,2.0
16.2,8,237.3993,Car,12.8374,3,5.0,2.0
16.3,8,238.6779,Car,12.7355,3,5.0,2.0
16.4,8,239.955,Car,12.8057,3,5.0,2.0
16.5,8,241.2364,Car,12.8227,3,5.0,2.0
16.6,8,242.5162,Car,12.7725,3,5.0,2.0
16.7,8,243.7939,Car,12.782,3,5.0,2.0
16.8,8,245.0696,Car,12.7315,3,5.0,2.0
16.9,8,246.3429,Car,12.7347,3,5.0,2.0
17.0,8,247.6133,Car,12.6743,3,5.0,2.0
17.1,8,248.8789,Car,12.6362,3,5.0,2.0
17.2,8,250.1466,Car,12.7176,3,5.0,2.0
17.3,8,251.4145,Car,12.6419,3,5.0,2.0
17.4,8,252.6786,Car,12.6393,3,5.0,2.0
17.5,8,253.9402,Car,12.5925,3,5.0,2.0
17.6,8,255.1984,Car,12.5727,3,5.0,2.0
17.7,8,256.4566,Car,12.5906,3,5.0,2.0
17.8,8,257.7139,Car,12.5547,3,5.0,2.0
17.9,8,258.9701,Car,12.5689,3,5.0,2.0
18.0,8,260.2261,Car,12.5525,3,5.0,2.0
18.1,8,261.4803,Car,12.5302,3,5.0,2.0
18.2,8,262.7323,Car,12.51,3,5.0,2.0
18.3,8,263.9844,Car,12.5331,3,5.0,2.0
18.4,8,265.233,Car,12.4374,3,5.0,2.0
18.5,8,266.4774,Car,12.4523,3,5.0,2.0
18.6,8,267.7237,Car,12.4734,3,5.0,2.0
18.7,8,268.9706,Car,12.4638,3,5.0,2.0
18.8,8,270.2123,Car,12.3707,3,5.0,2.0
18.9,8,271.4505,Car,12.3925,3,5.0,2.0
19.0,8,272.6917,Car,12.4323,3,5.0,2.0
19.1,8,273.9332,Car,12.3977,3,5.0,2.0
19.2,8,275.1721,Car,12.3803,3,5.0,2.0
19.3,8,276.4092,Car,12.3611,3,5.0,2.0
19.4,8,277.6448,Car,12.3504,3,5.0,2.0
19.5,8,278.8806,Car,12.3659,3,5.0,2.0
19.6,8,280.1162,Car,12.3462,3,5.0,2.0
19.7,8,281.351,Car,12.35,3,5.0,2.0
19.8,8,282.5861,Car,12.352,3,5.0,2.0
19.9,8,283.8201,Car,12.3286,3,5.0,2.0
20.0,8,285.0548,Car,12.3651,3,5.0,2.0
